{
	"Type": "Live2D Expression",
	"FadeInTime": 0.5,
	"FadeOutTime": 0.5,
	"Parameters": [
		{
			"Id": "ParamEyeLOpen",
			"Value": 0,
			"Blend": "Add"
		},
		{
			"Id": "ParamEyeLSmile",
			"Value": 0,
			"Blend": "Add"
		},
		{
			"Id": "ParamEyeROpen",
			"Value": 0,
			"Blend": "Add"
		},
		{
			"Id": "ParamEyeRSmile",
			"Value": 0,
			"Blend": "Add"
		},
		{
			"Id": "ParamEyeSize",
			"Value": 0,
			"Blend": "Add"
		},
		{
			"Id": "ParamBrowLY",
			"Value": 0,
			"Blend": "Add"
		},
		{
			"Id": "ParamBrowRY",
			"Value": 0,
			"Blend": "Add"
		},
		{
			"Id": "ParamBrowLX",
			"Value": 0,
			"Blend": "Add"
		},
		{
			"Id": "ParamBrowRX",
			"Value": 0,
			"Blend": "Add"
		},
		{
			"Id": "ParamBrowLAngle",
			"Value": 0,
			"Blend": "Add"
		},
		{
			"Id": "ParamBrowRAngle",
			"Value": 0,
			"Blend": "Add"
		},
		{
			"Id": "ParamBrowLForm",
			"Value": 0,
			"Blend": "Add"
		},
		{
			"Id": "ParamBrowRForm",
			"Value": 0,
			"Blend": "Add"
		},
		{
			"Id": "ParamMouthForm",
			"Value": 0,
			"Blend": "Add"
		}
	]
}