{
	"Version": 3,
	"Meta": {
		"Duration": 8.517,
		"Fps": 60.0,
		"FadeInTime": 0.25,
		"FadeOutTime": 0.25,
		"Loop": true,
		"AreBeziersRestricted": true,
		"CurveCount": 68,
		"TotalSegmentCount": 694,
		"TotalPointCount": 1992,
		"UserDataCount": 0,
		"TotalUserDataSize": 0
	},
	"Curves": [
		{
			"Target": "Parameter",
			"Id": "ParamAngleX",
			"Segments": [
				0,
				0,
				1,
				0.061,
				0,
				0.122,
				0,
				0.183,
				0,
				1,
				0.389,
				0,
				0.594,
				12.377,
				0.8,
				17.706,
				1,
				0.878,
				19.722,
				0.956,
				19,
				1.033,
				19,
				1,
				1.144,
				19,
				1.256,
				19,
				1.367,
				19,
				1,
				1.506,
				19,
				1.644,
				23.603,
				1.783,
				23.603,
				1,
				1.944,
				23.603,
				2.106,
				23.603,
				2.267,
				23.603,
				1,
				2.439,
				23.603,
				2.611,
				23.608,
				2.783,
				21.52,
				1,
				2.889,
				20.24,
				2.994,
				6.194,
				3.1,
				6.194,
				1,
				3.178,
				6.194,
				3.256,
				30,
				3.333,
				30,
				1,
				3.411,
				30,
				3.489,
				13.189,
				3.567,
				13.189,
				1,
				3.644,
				13.189,
				3.722,
				28.02,
				3.8,
				28.02,
				1,
				3.878,
				28.02,
				3.956,
				14.449,
				4.033,
				14.449,
				1,
				4.167,
				14.449,
				4.3,
				19,
				4.433,
				19,
				1,
				4.7,
				19,
				4.967,
				19,
				5.233,
				19,
				1,
				5.322,
				19,
				5.411,
				18.236,
				5.5,
				18.22,
				1,
				5.689,
				18.186,
				5.878,
				18.185,
				6.067,
				18.149,
				1,
				6.167,
				18.13,
				6.267,
				6.696,
				6.367,
				0,
				1,
				6.439,
				-4.836,
				6.511,
				-8.572,
				6.583,
				-8.572,
				1,
				6.694,
				-8.572,
				6.806,
				-7.78,
				6.917,
				-7.634,
				1,
				7.111,
				-7.378,
				7.306,
				-7.367,
				7.5,
				-7.367,
				0,
				8.517,
				-7.367
			]
		},
		{
			"Target": "Parameter",
			"Id": "ParamAngleY",
			"Segments": [
				0,
				0,
				1,
				0.094,
				0,
				0.189,
				0,
				0.283,
				0,
				1,
				0.361,
				0,
				0.439,
				0.114,
				0.517,
				-2.32,
				1,
				0.611,
				-5.275,
				0.706,
				-17.231,
				0.8,
				-20.529,
				1,
				0.822,
				-21.305,
				0.844,
				-20.954,
				0.867,
				-20.954,
				1,
				0.928,
				-20.954,
				0.989,
				-20,
				1.05,
				-20,
				1,
				1.144,
				-20,
				1.239,
				-20,
				1.333,
				-20,
				1,
				1.383,
				-20,
				1.433,
				-22.5,
				1.483,
				-22.5,
				1,
				1.539,
				-22.5,
				1.594,
				-13.116,
				1.65,
				-11.521,
				1,
				1.711,
				-9.767,
				1.772,
				-9.897,
				1.833,
				-9.897,
				1,
				1.961,
				-9.897,
				2.089,
				-9.897,
				2.217,
				-9.897,
				1,
				2.372,
				-9.897,
				2.528,
				-12.68,
				2.683,
				-12.68,
				1,
				2.767,
				-12.68,
				2.85,
				4.407,
				2.933,
				4.407,
				1,
				3.039,
				4.407,
				3.144,
				-24.94,
				3.25,
				-24.94,
				1,
				3.328,
				-24.94,
				3.406,
				-20,
				3.483,
				-20,
				1,
				3.561,
				-20,
				3.639,
				-20.911,
				3.717,
				-21.701,
				1,
				3.85,
				-23.055,
				3.983,
				-23.428,
				4.117,
				-23.428,
				1,
				4.244,
				-23.428,
				4.372,
				-6.339,
				4.5,
				-5.026,
				1,
				4.644,
				-3.542,
				4.789,
				-2.708,
				4.933,
				-2.479,
				1,
				5.033,
				-2.321,
				5.133,
				-2.38,
				5.233,
				-2.248,
				1,
				5.311,
				-2.146,
				5.389,
				1.216,
				5.467,
				1.392,
				1,
				5.628,
				1.756,
				5.789,
				1.815,
				5.95,
				2.165,
				1,
				6.011,
				2.298,
				6.072,
				6.572,
				6.133,
				6.572,
				1,
				6.172,
				6.572,
				6.211,
				6.936,
				6.25,
				4.407,
				1,
				6.311,
				0.433,
				6.372,
				-18.791,
				6.433,
				-23.892,
				1,
				6.5,
				-29.456,
				6.567,
				-30,
				6.633,
				-30,
				1,
				6.75,
				-30,
				6.867,
				-27.623,
				6.983,
				-27.173,
				1,
				7.178,
				-26.423,
				7.372,
				-26.4,
				7.567,
				-26.4,
				0,
				8.517,
				-26.4
			]
		},
		{
			"Target": "Parameter",
			"Id": "ParamAngleZ",
			"Segments": [
				0,
				0,
				1,
				0.161,
				0,
				0.322,
				1.083,
				0.483,
				1.083,
				1,
				0.583,
				1.083,
				0.683,
				-2,
				0.783,
				-2,
				1,
				0.967,
				-2,
				1.15,
				-2,
				1.333,
				-2,
				1,
				1.389,
				-2,
				1.444,
				-0.846,
				1.5,
				0,
				1,
				1.611,
				1.692,
				1.722,
				2.15,
				1.833,
				2.15,
				1,
				2.111,
				2.15,
				2.389,
				2.15,
				2.667,
				2.15,
				1,
				2.8,
				2.15,
				2.933,
				-0.91,
				3.067,
				-0.91,
				1,
				3.161,
				-0.91,
				3.256,
				2.15,
				3.35,
				2.15,
				1,
				3.428,
				2.15,
				3.506,
				-0.434,
				3.583,
				-0.434,
				1,
				3.661,
				-0.434,
				3.739,
				2.15,
				3.817,
				2.15,
				1,
				3.894,
				2.15,
				3.972,
				-0.073,
				4.05,
				-0.073,
				1,
				4.194,
				-0.073,
				4.339,
				0.825,
				4.483,
				0.825,
				1,
				4.972,
				0.825,
				5.461,
				0.825,
				5.95,
				0.825,
				1,
				6.039,
				0.825,
				6.128,
				-2.14,
				6.217,
				-2.14,
				1,
				6.356,
				-2.14,
				6.494,
				18,
				6.633,
				18,
				1,
				6.794,
				18,
				6.956,
				17.038,
				7.117,
				16.796,
				1,
				7.328,
				16.479,
				7.539,
				16.486,
				7.75,
				16.486,
				0,
				8.517,
				16.486
			]
		},
		{
			"Target": "Parameter",
			"Id": "ParamEyeLOpen",
			"Segments": [
				0,
				1,
				1,
				0.478,
				1,
				0.956,
				1,
				1.433,
				1,
				1,
				1.456,
				1,
				1.478,
				0,
				1.5,
				0,
				1,
				1.506,
				0,
				1.511,
				0,
				1.517,
				0,
				1,
				1.544,
				0,
				1.572,
				1,
				1.6,
				1,
				1,
				1.783,
				1,
				1.967,
				1,
				2.15,
				1,
				1,
				2.344,
				1,
				2.539,
				0.9,
				2.733,
				0.9,
				1,
				2.856,
				0.9,
				2.978,
				1,
				3.1,
				1,
				1,
				3.178,
				1,
				3.256,
				0,
				3.333,
				0,
				1,
				3.633,
				0,
				3.933,
				0,
				4.233,
				0,
				1,
				4.333,
				0,
				4.433,
				1,
				4.533,
				1,
				1,
				4.722,
				1,
				4.911,
				1,
				5.1,
				1,
				1,
				5.128,
				1,
				5.156,
				0,
				5.183,
				0,
				1,
				5.2,
				0,
				5.217,
				0,
				5.233,
				0,
				1,
				5.261,
				0,
				5.289,
				1,
				5.317,
				1,
				1,
				5.517,
				1,
				5.717,
				1,
				5.917,
				1,
				1,
				5.989,
				1,
				6.061,
				0,
				6.133,
				0,
				1,
				6.161,
				0,
				6.189,
				0,
				6.217,
				0,
				1,
				6.294,
				0,
				6.372,
				1,
				6.45,
				1,
				1,
				6.506,
				1,
				6.561,
				0.8,
				6.617,
				0.8,
				0,
				8.517,
				0.8
			]
		},
		{
			"Target": "Parameter",
			"Id": "ParamEyeLSmile",
			"Segments": [
				0,
				0,
				0,
				8.517,
				0
			]
		},
		{
			"Target": "Parameter",
			"Id": "ParamEyeROpen",
			"Segments": [
				0,
				1,
				1,
				0.478,
				1,
				0.956,
				1,
				1.433,
				1,
				1,
				1.456,
				1,
				1.478,
				0,
				1.5,
				0,
				1,
				1.506,
				0,
				1.511,
				0,
				1.517,
				0,
				1,
				1.544,
				0,
				1.572,
				1,
				1.6,
				1,
				1,
				1.783,
				1,
				1.967,
				1,
				2.15,
				1,
				1,
				2.344,
				1,
				2.539,
				0.9,
				2.733,
				0.9,
				1,
				2.856,
				0.9,
				2.978,
				1,
				3.1,
				1,
				1,
				3.178,
				1,
				3.256,
				0,
				3.333,
				0,
				1,
				3.633,
				0,
				3.933,
				0,
				4.233,
				0,
				1,
				4.333,
				0,
				4.433,
				1,
				4.533,
				1,
				1,
				4.722,
				1,
				4.911,
				1,
				5.1,
				1,
				1,
				5.128,
				1,
				5.156,
				0,
				5.183,
				0,
				1,
				5.2,
				0,
				5.217,
				0,
				5.233,
				0,
				1,
				5.261,
				0,
				5.289,
				1,
				5.317,
				1,
				1,
				5.517,
				1,
				5.717,
				1,
				5.917,
				1,
				1,
				5.989,
				1,
				6.061,
				0,
				6.133,
				0,
				1,
				6.161,
				0,
				6.189,
				0,
				6.217,
				0,
				1,
				6.294,
				0,
				6.372,
				1,
				6.45,
				1,
				1,
				6.506,
				1,
				6.561,
				0.8,
				6.617,
				0.8,
				0,
				8.517,
				0.8
			]
		},
		{
			"Target": "Parameter",
			"Id": "ParamEyeRSmile",
			"Segments": [
				0,
				0,
				0,
				8.517,
				0
			]
		},
		{
			"Target": "Parameter",
			"Id": "ParamEyeBallX",
			"Segments": [
				0,
				0,
				1,
				0.067,
				0,
				0.133,
				0,
				0.2,
				0,
				1,
				0.422,
				0,
				0.644,
				0.079,
				0.867,
				0.296,
				1,
				0.978,
				0.405,
				1.089,
				0.5,
				1.2,
				0.5,
				1,
				1.678,
				0.5,
				2.156,
				0.5,
				2.633,
				0.5,
				1,
				2.8,
				0.5,
				2.967,
				0.158,
				3.133,
				0.158,
				1,
				3.467,
				0.158,
				3.8,
				0.158,
				4.133,
				0.158,
				1,
				4.456,
				0.158,
				4.778,
				0.5,
				5.1,
				0.5,
				1,
				5.189,
				0.5,
				5.278,
				-0.907,
				5.367,
				-0.907,
				1,
				5.539,
				-0.907,
				5.711,
				-0.907,
				5.883,
				-0.907,
				1,
				6.172,
				-0.907,
				6.461,
				0.608,
				6.75,
				0.608,
				0,
				8.517,
				0.608
			]
		},
		{
			"Target": "Parameter",
			"Id": "ParamEyeBallY",
			"Segments": [
				0,
				0,
				1,
				0.067,
				0,
				0.133,
				0,
				0.2,
				0,
				1,
				0.422,
				0,
				0.644,
				-0.5,
				0.867,
				-0.5,
				1,
				1.456,
				-0.5,
				2.044,
				-0.5,
				2.633,
				-0.5,
				1,
				2.8,
				-0.5,
				2.967,
				-0.9,
				3.133,
				-0.9,
				1,
				3.789,
				-0.9,
				4.444,
				-0.9,
				5.1,
				-0.9,
				1,
				5.189,
				-0.9,
				5.278,
				0.717,
				5.367,
				0.717,
				1,
				5.539,
				0.717,
				5.711,
				0.717,
				5.883,
				0.717,
				1,
				5.928,
				0.717,
				5.972,
				0.351,
				6.017,
				0.249,
				1,
				6.261,
				-0.311,
				6.506,
				-0.5,
				6.75,
				-0.5,
				0,
				8.517,
				-0.5
			]
		},
		{
			"Target": "Parameter",
			"Id": "ParamEyeSize",
			"Segments": [
				0,
				0,
				1,
				0.494,
				0,
				0.989,
				0,
				1.483,
				0,
				1,
				1.517,
				0,
				1.55,
				-1,
				1.583,
				-1,
				1,
				1.661,
				-1,
				1.739,
				-0.4,
				1.817,
				-0.4,
				1,
				2.089,
				-0.4,
				2.361,
				-0.4,
				2.633,
				-0.4,
				1,
				2.833,
				-0.4,
				3.033,
				0,
				3.233,
				0,
				0,
				8.517,
				0
			]
		},
		{
			"Target": "Parameter",
			"Id": "ParamBrowLY",
			"Segments": [
				0,
				0,
				1,
				0.478,
				0,
				0.956,
				0,
				1.433,
				0,
				1,
				1.456,
				0,
				1.478,
				-0.5,
				1.5,
				-0.5,
				1,
				1.539,
				-0.5,
				1.578,
				1,
				1.617,
				1,
				1,
				1.794,
				1,
				1.972,
				1,
				2.15,
				1,
				1,
				2.322,
				1,
				2.494,
				0.636,
				2.667,
				0.4,
				1,
				2.811,
				0.202,
				2.956,
				0.191,
				3.1,
				0,
				1,
				3.178,
				-0.103,
				3.256,
				-0.8,
				3.333,
				-0.8,
				1,
				3.633,
				-0.8,
				3.933,
				-0.8,
				4.233,
				-0.8,
				1,
				4.333,
				-0.8,
				4.433,
				0,
				4.533,
				0,
				1,
				4.722,
				0,
				4.911,
				0,
				5.1,
				0,
				1,
				5.189,
				0,
				5.278,
				-0.5,
				5.367,
				-0.5,
				1,
				5.556,
				-0.5,
				5.744,
				-0.5,
				5.933,
				-0.5,
				1,
				6.039,
				-0.5,
				6.144,
				0,
				6.25,
				0,
				1,
				6.322,
				0,
				6.394,
				-0.4,
				6.467,
				-0.4,
				0,
				8.517,
				-0.4
			]
		},
		{
			"Target": "Parameter",
			"Id": "ParamBrowRY",
			"Segments": [
				0,
				0,
				1,
				0.478,
				0,
				0.956,
				0,
				1.433,
				0,
				1,
				1.456,
				0,
				1.478,
				-0.4,
				1.5,
				-0.4,
				1,
				1.539,
				-0.4,
				1.578,
				0.9,
				1.617,
				0.9,
				1,
				1.794,
				0.9,
				1.972,
				0.9,
				2.15,
				0.9,
				1,
				2.322,
				0.9,
				2.494,
				0.493,
				2.667,
				0.3,
				1,
				2.811,
				0.138,
				2.956,
				0.146,
				3.1,
				0,
				1,
				3.178,
				-0.079,
				3.256,
				-0.8,
				3.333,
				-0.8,
				1,
				3.633,
				-0.8,
				3.933,
				-0.8,
				4.233,
				-0.8,
				1,
				4.333,
				-0.8,
				4.433,
				0,
				4.533,
				0,
				1,
				4.722,
				0,
				4.911,
				0,
				5.1,
				0,
				1,
				5.189,
				0,
				5.278,
				0,
				5.367,
				0,
				1,
				5.556,
				0,
				5.744,
				0,
				5.933,
				0,
				1,
				6.039,
				0,
				6.144,
				0,
				6.25,
				0,
				1,
				6.322,
				0,
				6.394,
				-0.4,
				6.467,
				-0.4,
				0,
				8.517,
				-0.4
			]
		},
		{
			"Target": "Parameter",
			"Id": "ParamBrowLX",
			"Segments": [
				0,
				0,
				1,
				0.478,
				0,
				0.956,
				0,
				1.433,
				0,
				1,
				1.494,
				0,
				1.556,
				0.7,
				1.617,
				0.7,
				1,
				1.794,
				0.7,
				1.972,
				0.7,
				2.15,
				0.7,
				1,
				2.322,
				0.7,
				2.494,
				0.641,
				2.667,
				0.4,
				1,
				2.811,
				0.198,
				2.956,
				0,
				3.1,
				0,
				1,
				3.578,
				0,
				4.056,
				0,
				4.533,
				0,
				1,
				4.722,
				0,
				4.911,
				0,
				5.1,
				0,
				1,
				5.189,
				0,
				5.278,
				0.182,
				5.367,
				0.182,
				1,
				5.556,
				0.182,
				5.744,
				0.182,
				5.933,
				0.182,
				0,
				8.517,
				0.182
			]
		},
		{
			"Target": "Parameter",
			"Id": "ParamBrowRX",
			"Segments": [
				0,
				0,
				1,
				0.478,
				0,
				0.956,
				0,
				1.433,
				0,
				1,
				1.494,
				0,
				1.556,
				0.2,
				1.617,
				0.2,
				1,
				1.794,
				0.2,
				1.972,
				0.2,
				2.15,
				0.2,
				1,
				2.322,
				0.2,
				2.494,
				0.2,
				2.667,
				0.2,
				1,
				2.811,
				0.2,
				2.956,
				0,
				3.1,
				0,
				1,
				3.578,
				0,
				4.056,
				0,
				4.533,
				0,
				1,
				4.722,
				0,
				4.911,
				0,
				5.1,
				0,
				1,
				5.189,
				0,
				5.278,
				-0.5,
				5.367,
				-0.5,
				1,
				5.556,
				-0.5,
				5.744,
				-0.5,
				5.933,
				-0.5,
				0,
				8.517,
				-0.5
			]
		},
		{
			"Target": "Parameter",
			"Id": "ParamBrowLAngle",
			"Segments": [
				0,
				0,
				1,
				0.478,
				0,
				0.956,
				0,
				1.433,
				0,
				1,
				1.494,
				0,
				1.556,
				-0.2,
				1.617,
				-0.2,
				1,
				1.794,
				-0.2,
				1.972,
				-0.2,
				2.15,
				-0.2,
				1,
				2.322,
				-0.2,
				2.494,
				-0.2,
				2.667,
				-0.2,
				1,
				2.811,
				-0.2,
				2.956,
				0,
				3.1,
				0,
				1,
				3.178,
				0,
				3.256,
				-0.7,
				3.333,
				-0.7,
				1,
				3.633,
				-0.7,
				3.933,
				-0.7,
				4.233,
				-0.7,
				1,
				4.333,
				-0.7,
				4.433,
				-0.308,
				4.533,
				-0.308,
				1,
				4.722,
				-0.308,
				4.911,
				-0.308,
				5.1,
				-0.308,
				1,
				5.189,
				-0.308,
				5.278,
				-0.158,
				5.367,
				-0.158,
				1,
				5.556,
				-0.158,
				5.744,
				-0.158,
				5.933,
				-0.158,
				1,
				6.039,
				-0.158,
				6.144,
				-0.158,
				6.25,
				0,
				1,
				6.322,
				0.108,
				6.394,
				0.6,
				6.467,
				0.6,
				0,
				8.517,
				0.6
			]
		},
		{
			"Target": "Parameter",
			"Id": "ParamBrowRAngle",
			"Segments": [
				0,
				0,
				1,
				0.478,
				0,
				0.956,
				0,
				1.433,
				0,
				1,
				1.494,
				0,
				1.556,
				-0.2,
				1.617,
				-0.2,
				1,
				1.794,
				-0.2,
				1.972,
				-0.2,
				2.15,
				-0.2,
				1,
				2.322,
				-0.2,
				2.494,
				-0.2,
				2.667,
				-0.2,
				1,
				2.811,
				-0.2,
				2.956,
				0,
				3.1,
				0,
				1,
				3.178,
				0,
				3.256,
				-0.7,
				3.333,
				-0.7,
				1,
				3.633,
				-0.7,
				3.933,
				-0.7,
				4.233,
				-0.7,
				1,
				4.333,
				-0.7,
				4.433,
				-0.102,
				4.533,
				-0.102,
				1,
				4.722,
				-0.102,
				4.911,
				-0.102,
				5.1,
				-0.102,
				1,
				5.189,
				-0.102,
				5.278,
				0.1,
				5.367,
				0.1,
				1,
				5.556,
				0.1,
				5.744,
				0.1,
				5.933,
				0.1,
				1,
				6.039,
				0.1,
				6.144,
				0,
				6.25,
				0,
				1,
				6.322,
				0,
				6.394,
				0.6,
				6.467,
				0.6,
				0,
				8.517,
				0.6
			]
		},
		{
			"Target": "Parameter",
			"Id": "ParamBrowLForm",
			"Segments": [
				0,
				0.01,
				1,
				0.478,
				0.01,
				0.956,
				0.007,
				1.433,
				0,
				1,
				1.456,
				0,
				1.478,
				-0.5,
				1.5,
				-0.5,
				1,
				1.539,
				-0.5,
				1.578,
				0.4,
				1.617,
				0.4,
				1,
				1.794,
				0.4,
				1.972,
				0.4,
				2.15,
				0.4,
				1,
				2.322,
				0.4,
				2.494,
				0.302,
				2.667,
				0.2,
				1,
				2.811,
				0.115,
				2.956,
				0.099,
				3.1,
				0,
				1,
				3.178,
				-0.053,
				3.256,
				-0.8,
				3.333,
				-0.8,
				1,
				3.633,
				-0.8,
				3.933,
				-0.8,
				4.233,
				-0.8,
				1,
				4.333,
				-0.8,
				4.433,
				-0.468,
				4.533,
				-0.468,
				1,
				4.722,
				-0.468,
				4.911,
				-0.468,
				5.1,
				-0.468,
				1,
				5.189,
				-0.468,
				5.278,
				0.108,
				5.367,
				0.108,
				1,
				5.556,
				0.108,
				5.744,
				0.108,
				5.933,
				0.108,
				1,
				6.039,
				0.108,
				6.144,
				0.462,
				6.25,
				0.462,
				1,
				6.322,
				0.462,
				6.394,
				-1,
				6.467,
				-1,
				0,
				8.517,
				-1
			]
		},
		{
			"Target": "Parameter",
			"Id": "ParamBrowRForm",
			"Segments": [
				0,
				0.01,
				1,
				0.478,
				0.01,
				0.956,
				0.007,
				1.433,
				0,
				1,
				1.456,
				0,
				1.478,
				-0.5,
				1.5,
				-0.5,
				1,
				1.539,
				-0.5,
				1.578,
				0.4,
				1.617,
				0.4,
				1,
				1.794,
				0.4,
				1.972,
				0.4,
				2.15,
				0.4,
				1,
				2.322,
				0.4,
				2.494,
				0.302,
				2.667,
				0.2,
				1,
				2.811,
				0.115,
				2.956,
				0.099,
				3.1,
				0,
				1,
				3.178,
				-0.053,
				3.256,
				-0.8,
				3.333,
				-0.8,
				1,
				3.633,
				-0.8,
				3.933,
				-0.8,
				4.233,
				-0.8,
				1,
				4.333,
				-0.8,
				4.433,
				-0.69,
				4.533,
				-0.69,
				1,
				4.722,
				-0.69,
				4.911,
				-0.69,
				5.1,
				-0.69,
				1,
				5.189,
				-0.69,
				5.278,
				-0.69,
				5.367,
				-0.69,
				1,
				5.556,
				-0.69,
				5.744,
				-0.69,
				5.933,
				-0.69,
				1,
				6,
				-0.69,
				6.067,
				0.418,
				6.133,
				0.418,
				1,
				6.172,
				0.418,
				6.211,
				0.463,
				6.25,
				0.342,
				1,
				6.322,
				0.117,
				6.394,
				-1,
				6.467,
				-1,
				0,
				8.517,
				-1
			]
		},
		{
			"Target": "Parameter",
			"Id": "ParamMouthForm",
			"Segments": [
				0,
				0,
				1,
				0.378,
				0,
				0.756,
				0,
				1.133,
				0,
				1,
				1.328,
				0,
				1.522,
				-1,
				1.717,
				-1,
				1,
				1.722,
				-1,
				1.728,
				-1,
				1.733,
				-1,
				1,
				2.044,
				-1,
				2.356,
				-1,
				2.667,
				-1,
				1,
				2.756,
				-1,
				2.844,
				-0.9,
				2.933,
				-0.9,
				1,
				3.039,
				-0.9,
				3.144,
				-1,
				3.25,
				-1,
				1,
				3.539,
				-1,
				3.828,
				-1,
				4.117,
				-1,
				1,
				4.217,
				-1,
				4.317,
				-0.967,
				4.417,
				-0.897,
				1,
				4.489,
				-0.847,
				4.561,
				-0.82,
				4.633,
				-0.82,
				1,
				4.789,
				-0.82,
				4.944,
				-0.82,
				5.1,
				-0.82,
				1,
				5.189,
				-0.82,
				5.278,
				-0.731,
				5.367,
				-0.731,
				1,
				5.494,
				-0.731,
				5.622,
				-0.731,
				5.75,
				-0.731,
				1,
				5.822,
				-0.731,
				5.894,
				-1,
				5.967,
				-1,
				1,
				6.094,
				-1,
				6.222,
				-1,
				6.35,
				-1,
				1,
				6.428,
				-1,
				6.506,
				-0.7,
				6.583,
				-0.7,
				1,
				6.639,
				-0.7,
				6.694,
				-0.7,
				6.75,
				-0.7,
				1,
				6.856,
				-0.7,
				6.961,
				-1,
				7.067,
				-1,
				0,
				8.517,
				-1
			]
		},
		{
			"Target": "Parameter",
			"Id": "ParamMouthOpenY",
			"Segments": [
				0,
				0,
				1,
				0.506,
				0,
				1.011,
				0,
				1.517,
				0,
				1,
				1.55,
				0,
				1.583,
				1,
				1.617,
				1,
				1,
				1.872,
				1,
				2.128,
				1,
				2.383,
				1,
				1,
				2.461,
				1,
				2.539,
				0,
				2.617,
				0,
				1,
				2.633,
				0,
				2.65,
				0,
				2.667,
				0,
				1,
				2.756,
				0,
				2.844,
				0.7,
				2.933,
				0.7,
				1,
				3.039,
				0.7,
				3.144,
				0,
				3.25,
				0,
				1,
				4.283,
				0,
				5.317,
				0,
				6.35,
				0,
				1,
				6.428,
				0,
				6.506,
				0.6,
				6.583,
				0.6,
				1,
				6.639,
				0.6,
				6.694,
				0.6,
				6.75,
				0.6,
				1,
				6.856,
				0.6,
				6.961,
				0,
				7.067,
				0,
				0,
				8.517,
				0
			]
		},
		{
			"Target": "Parameter",
			"Id": "ParamBodyAngleX",
			"Segments": [
				0,
				0,
				1,
				0.028,
				0,
				0.056,
				0,
				0.083,
				0,
				1,
				0.278,
				0,
				0.472,
				5.074,
				0.667,
				7.371,
				1,
				0.767,
				8.552,
				0.867,
				8.25,
				0.967,
				8.25,
				1,
				1.1,
				8.25,
				1.233,
				8.25,
				1.367,
				8.25,
				1,
				1.483,
				8.25,
				1.6,
				10,
				1.717,
				10,
				1,
				1.9,
				10,
				2.083,
				10,
				2.267,
				10,
				1,
				2.45,
				10,
				2.633,
				9.539,
				2.817,
				8.428,
				1,
				2.933,
				7.721,
				3.05,
				7.258,
				3.167,
				7.258,
				1,
				3.244,
				7.258,
				3.322,
				7.383,
				3.4,
				7.383,
				1,
				3.478,
				7.383,
				3.556,
				7.052,
				3.633,
				7.052,
				1,
				3.711,
				7.052,
				3.789,
				7.293,
				3.867,
				7.293,
				1,
				3.95,
				7.293,
				4.033,
				7.084,
				4.117,
				7.084,
				1,
				4.244,
				7.084,
				4.372,
				7.275,
				4.5,
				7.275,
				1,
				4.7,
				7.275,
				4.9,
				6.794,
				5.1,
				6.794,
				1,
				5.372,
				6.794,
				5.644,
				6.794,
				5.917,
				6.794,
				1,
				6,
				6.794,
				6.083,
				7.036,
				6.167,
				4.614,
				1,
				6.306,
				0.577,
				6.444,
				-5.944,
				6.583,
				-5.944,
				1,
				6.683,
				-5.944,
				6.783,
				-5.57,
				6.883,
				-5.57,
				1,
				7.028,
				-5.57,
				7.172,
				-5.67,
				7.317,
				-5.67,
				0,
				8.517,
				-5.67
			]
		},
		{
			"Target": "Parameter",
			"Id": "ParamBodyAngleY",
			"Segments": [
				0,
				0,
				1,
				0.028,
				0,
				0.056,
				0,
				0.083,
				0,
				1,
				0.144,
				0,
				0.206,
				0.408,
				0.267,
				0.484,
				1,
				0.356,
				0.594,
				0.444,
				0.592,
				0.533,
				0.592,
				1,
				0.639,
				0.592,
				0.744,
				-1.641,
				0.85,
				-1.641,
				1,
				0.967,
				-1.641,
				1.083,
				-1.18,
				1.2,
				-1.18,
				1,
				1.272,
				-1.18,
				1.344,
				-1.18,
				1.417,
				-1.18,
				1,
				1.444,
				-1.18,
				1.472,
				-1.641,
				1.5,
				-1.641,
				1,
				1.544,
				-1.641,
				1.589,
				-0.338,
				1.633,
				0,
				1,
				1.733,
				0.761,
				1.833,
				0.876,
				1.933,
				0.876,
				1,
				2.094,
				0.876,
				2.256,
				0.881,
				2.417,
				0.484,
				1,
				2.528,
				0.21,
				2.639,
				-1.2,
				2.75,
				-1.2,
				1,
				2.8,
				-1.2,
				2.85,
				2.2,
				2.9,
				2.2,
				1,
				2.967,
				2.2,
				3.033,
				2.233,
				3.1,
				2.038,
				1,
				3.167,
				1.843,
				3.233,
				-0.852,
				3.3,
				-1.056,
				1,
				3.406,
				-1.379,
				3.511,
				-1.579,
				3.617,
				-1.701,
				1,
				3.844,
				-1.965,
				4.072,
				-2.031,
				4.3,
				-2.031,
				1,
				4.428,
				-2.031,
				4.556,
				-1.221,
				4.683,
				-1.108,
				1,
				4.85,
				-0.961,
				5.017,
				-0.959,
				5.183,
				-0.836,
				1,
				5.278,
				-0.766,
				5.372,
				-0.315,
				5.467,
				-0.255,
				1,
				5.556,
				-0.198,
				5.644,
				-0.206,
				5.733,
				-0.206,
				1,
				5.767,
				-0.206,
				5.8,
				-0.472,
				5.833,
				-0.472,
				1,
				5.878,
				-0.472,
				5.922,
				-0.59,
				5.967,
				0.368,
				1,
				6.011,
				1.326,
				6.056,
				7.06,
				6.1,
				7.06,
				1,
				6.156,
				7.06,
				6.211,
				7.125,
				6.267,
				6.904,
				1,
				6.333,
				6.639,
				6.4,
				-1.76,
				6.467,
				-1.76,
				1,
				6.639,
				-1.76,
				6.811,
				-0.84,
				6.983,
				-0.84,
				0,
				8.517,
				-0.84
			]
		},
		{
			"Target": "Parameter",
			"Id": "ParamBodyAngleZ",
			"Segments": [
				0,
				0,
				1,
				0.044,
				0,
				0.089,
				0,
				0.133,
				0,
				1,
				0.378,
				0,
				0.622,
				0.345,
				0.867,
				0.56,
				1,
				1.033,
				0.707,
				1.2,
				0.696,
				1.367,
				0.696,
				1,
				1.422,
				0.696,
				1.478,
				0.702,
				1.533,
				0.679,
				1,
				1.594,
				0.654,
				1.656,
				-0.372,
				1.717,
				-0.603,
				1,
				1.794,
				-0.898,
				1.872,
				-0.928,
				1.95,
				-0.928,
				1,
				2.106,
				-0.928,
				2.261,
				-0.944,
				2.417,
				-0.644,
				1,
				2.55,
				-0.387,
				2.683,
				0.56,
				2.817,
				0.56,
				1,
				2.922,
				0.56,
				3.028,
				0.46,
				3.133,
				0.46,
				1,
				3.211,
				0.46,
				3.289,
				0.591,
				3.367,
				0.591,
				1,
				3.45,
				0.591,
				3.533,
				0.417,
				3.617,
				0.417,
				1,
				3.689,
				0.417,
				3.761,
				0.513,
				3.833,
				0.513,
				1,
				3.922,
				0.513,
				4.011,
				0.439,
				4.1,
				0.439,
				1,
				4.25,
				0.439,
				4.4,
				0.56,
				4.55,
				0.56,
				1,
				5.022,
				0.56,
				5.494,
				0.56,
				5.967,
				0.56,
				1,
				6.128,
				0.56,
				6.289,
				-3.505,
				6.45,
				-3.505,
				1,
				6.528,
				-3.505,
				6.606,
				-3.407,
				6.683,
				-3.299,
				1,
				6.772,
				-3.176,
				6.861,
				-3.144,
				6.95,
				-3.144,
				1,
				7.083,
				-3.144,
				7.217,
				-3.196,
				7.35,
				-3.196,
				0,
				8.517,
				-3.196
			]
		},
		{
			"Target": "Parameter",
			"Id": "ParamWaistAngleZ",
			"Segments": [
				0,
				0,
				1,
				0.439,
				0,
				0.878,
				0,
				1.317,
				0,
				1,
				1.467,
				0,
				1.617,
				-3,
				1.767,
				-3,
				1,
				1.989,
				-3,
				2.211,
				-2.416,
				2.433,
				-1,
				1,
				2.628,
				0.239,
				2.822,
				1,
				3.017,
				1,
				1,
				3.139,
				1,
				3.261,
				0,
				3.383,
				0,
				1,
				4.317,
				0,
				5.25,
				0,
				6.183,
				0,
				1,
				6.283,
				0,
				6.383,
				-3.66,
				6.483,
				-3.66,
				0,
				8.517,
				-3.66
			]
		},
		{
			"Target": "Parameter",
			"Id": "ParamBodyCenter",
			"Segments": [
				0,
				0,
				1,
				0.05,
				0,
				0.1,
				-0.019,
				0.15,
				-0.224,
				1,
				0.194,
				-0.407,
				0.239,
				-0.696,
				0.283,
				-0.696,
				1,
				0.45,
				-0.696,
				0.617,
				2.538,
				0.783,
				3.376,
				1,
				0.917,
				4.046,
				1.05,
				3.917,
				1.183,
				3.917,
				1,
				1.244,
				3.917,
				1.306,
				3.917,
				1.367,
				3.917,
				1,
				1.394,
				3.917,
				1.422,
				3.943,
				1.45,
				3.943,
				1,
				1.528,
				3.943,
				1.606,
				2.631,
				1.683,
				1.83,
				1,
				1.783,
				0.8,
				1.883,
				0.67,
				1.983,
				0.67,
				1,
				2.25,
				0.67,
				2.517,
				0.67,
				2.783,
				0.67,
				1,
				2.911,
				0.67,
				3.039,
				-3,
				3.167,
				-3,
				1,
				3.833,
				-3,
				4.5,
				-3,
				5.167,
				-3,
				1,
				5.322,
				-3,
				5.478,
				-3.26,
				5.633,
				-3.26,
				1,
				5.761,
				-3.26,
				5.889,
				-3.258,
				6.017,
				-3.258,
				1,
				6.111,
				-3.258,
				6.206,
				-3.313,
				6.3,
				-4.098,
				1,
				6.367,
				-4.652,
				6.433,
				-6.057,
				6.5,
				-6.057,
				1,
				6.622,
				-6.057,
				6.744,
				-5.747,
				6.867,
				-5.747,
				0,
				8.517,
				-5.747
			]
		},
		{
			"Target": "Parameter",
			"Id": "ParamBreath",
			"Segments": [
				0,
				0,
				0,
				8.517,
				0
			]
		},
		{
			"Target": "Parameter",
			"Id": "ParamLeftShoulderUp",
			"Segments": [
				0,
				0,
				1,
				0.15,
				0,
				0.3,
				0,
				0.45,
				0,
				1,
				0.65,
				0,
				0.85,
				-3,
				1.05,
				-3,
				1,
				1.139,
				-3,
				1.228,
				-3,
				1.317,
				-3,
				1,
				1.372,
				-3,
				1.428,
				-4.583,
				1.483,
				-4.583,
				1,
				1.556,
				-4.583,
				1.628,
				1.245,
				1.7,
				1.245,
				1,
				1.733,
				1.245,
				1.767,
				-0.042,
				1.8,
				-0.042,
				1,
				2.033,
				-0.042,
				2.267,
				-0.05,
				2.5,
				0,
				1,
				2.683,
				0.039,
				2.867,
				5,
				3.05,
				5,
				1,
				3.139,
				5,
				3.228,
				-6.597,
				3.317,
				-7.562,
				1,
				3.389,
				-8.346,
				3.461,
				-8.574,
				3.533,
				-8.722,
				1,
				3.689,
				-9.04,
				3.844,
				-9.093,
				4,
				-9.093,
				1,
				4.133,
				-9.093,
				4.267,
				-8.443,
				4.4,
				-7.222,
				1,
				4.483,
				-6.459,
				4.567,
				-6.114,
				4.65,
				-6.114,
				1,
				4.85,
				-6.114,
				5.05,
				-6.706,
				5.25,
				-6.706,
				1,
				5.45,
				-6.706,
				5.65,
				-6.68,
				5.85,
				-6.68,
				1,
				5.9,
				-6.68,
				5.95,
				-8.206,
				6,
				-8.206,
				1,
				6.089,
				-8.206,
				6.178,
				10,
				6.267,
				10,
				1,
				6.35,
				10,
				6.433,
				6.314,
				6.517,
				6.314,
				1,
				6.572,
				6.314,
				6.628,
				8.995,
				6.683,
				8.995,
				0,
				8.517,
				8.995
			]
		},
		{
			"Target": "Parameter",
			"Id": "ParamRightShoulderUp",
			"Segments": [
				0,
				0,
				1,
				0.15,
				0,
				0.3,
				0,
				0.45,
				0,
				1,
				0.617,
				0,
				0.783,
				-3,
				0.95,
				-3,
				1,
				1.067,
				-3,
				1.183,
				-2.973,
				1.3,
				-2.973,
				1,
				1.356,
				-2.973,
				1.411,
				-4.536,
				1.467,
				-4.536,
				1,
				1.539,
				-4.536,
				1.611,
				1.434,
				1.683,
				1.434,
				1,
				1.739,
				1.434,
				1.794,
				-0.008,
				1.85,
				-0.008,
				1,
				2.067,
				-0.008,
				2.283,
				-0.01,
				2.5,
				0,
				1,
				2.683,
				0.008,
				2.867,
				5,
				3.05,
				5,
				1,
				3.139,
				5,
				3.228,
				-6.597,
				3.317,
				-7.562,
				1,
				3.389,
				-8.346,
				3.461,
				-8.596,
				3.533,
				-8.722,
				1,
				3.689,
				-8.994,
				3.844,
				-9.033,
				4,
				-9.033,
				1,
				4.133,
				-9.033,
				4.267,
				-8.419,
				4.4,
				-7.222,
				1,
				4.483,
				-6.474,
				4.567,
				-6.114,
				4.65,
				-6.114,
				1,
				4.85,
				-6.114,
				5.05,
				-6.706,
				5.25,
				-6.706,
				1,
				5.45,
				-6.706,
				5.65,
				-6.68,
				5.85,
				-6.68,
				1,
				5.9,
				-6.68,
				5.95,
				-8.206,
				6,
				-8.206,
				1,
				6.089,
				-8.206,
				6.178,
				10,
				6.267,
				10,
				1,
				6.35,
				10,
				6.433,
				6.314,
				6.517,
				6.314,
				1,
				6.572,
				6.314,
				6.628,
				9,
				6.683,
				9,
				0,
				8.517,
				9
			]
		},
		{
			"Target": "Parameter",
			"Id": "ParamLegR",
			"Segments": [
				0,
				0,
				1,
				0.061,
				0,
				0.122,
				0,
				0.183,
				0,
				1,
				0.25,
				0,
				0.317,
				-0.17,
				0.383,
				0.722,
				1,
				0.472,
				1.911,
				0.561,
				6,
				0.65,
				6,
				1,
				0.9,
				6,
				1.15,
				6,
				1.4,
				6,
				1,
				1.494,
				6,
				1.589,
				5.25,
				1.683,
				4.768,
				1,
				1.794,
				4.202,
				1.906,
				4.139,
				2.017,
				4.139,
				1,
				2.267,
				4.139,
				2.517,
				4.139,
				2.767,
				4.139,
				1,
				2.878,
				4.139,
				2.989,
				0,
				3.1,
				0,
				0,
				8.517,
				0
			]
		},
		{
			"Target": "Parameter",
			"Id": "ParamLegL",
			"Segments": [
				0,
				0,
				1,
				2.017,
				0,
				4.033,
				0,
				6.05,
				0,
				1,
				6.133,
				0,
				6.217,
				8.166,
				6.3,
				9.124,
				1,
				6.389,
				10,
				6.478,
				10,
				6.567,
				10,
				0,
				8.517,
				10
			]
		},
		{
			"Target": "Parameter",
			"Id": "ParamArmL01",
			"Segments": [
				0,
				0,
				1,
				0.033,
				0,
				0.067,
				0,
				0.1,
				0,
				1,
				0.172,
				0,
				0.244,
				-0.233,
				0.317,
				1.379,
				1,
				0.4,
				3.239,
				0.483,
				14.171,
				0.567,
				20.76,
				1,
				0.589,
				22.517,
				0.611,
				23.613,
				0.633,
				23.613,
				1,
				0.75,
				23.613,
				0.867,
				23.042,
				0.983,
				23.042,
				1,
				1.161,
				23.042,
				1.339,
				23.042,
				1.517,
				23.042,
				1,
				1.556,
				23.042,
				1.594,
				22.843,
				1.633,
				22.358,
				1,
				1.744,
				20.972,
				1.856,
				20.232,
				1.967,
				20.232,
				1,
				2.25,
				20.232,
				2.533,
				20.232,
				2.817,
				20.232,
				1,
				2.889,
				20.232,
				2.961,
				20.03,
				3.033,
				14.948,
				1,
				3.144,
				7.129,
				3.256,
				-2.338,
				3.367,
				-2.338,
				1,
				3.55,
				-2.338,
				3.733,
				-1.613,
				3.917,
				-1.613,
				1,
				4.25,
				-1.613,
				4.583,
				-1.613,
				4.917,
				-1.613,
				1,
				5.072,
				-1.613,
				5.228,
				-1.864,
				5.383,
				-1.864,
				1,
				5.589,
				-1.864,
				5.794,
				-1.872,
				6,
				-1.675,
				1,
				6.117,
				-1.563,
				6.233,
				40,
				6.35,
				40,
				1,
				6.4,
				40,
				6.45,
				39.091,
				6.5,
				38.127,
				1,
				6.517,
				37.806,
				6.533,
				37.67,
				6.55,
				37.55,
				1,
				6.611,
				37.109,
				6.672,
				36.95,
				6.733,
				36.95,
				0,
				8.517,
				36.95
			]
		},
		{
			"Target": "Parameter",
			"Id": "ParamArmL02",
			"Segments": [
				0,
				0,
				1,
				0.044,
				0,
				0.089,
				0,
				0.133,
				0,
				1,
				0.217,
				0,
				0.3,
				0.1,
				0.383,
				-1.753,
				1,
				0.472,
				-3.729,
				0.561,
				-14.496,
				0.65,
				-15.979,
				1,
				0.794,
				-18.389,
				0.939,
				-18.557,
				1.083,
				-18.557,
				1,
				1.183,
				-18.557,
				1.283,
				-18.551,
				1.383,
				-18.506,
				1,
				1.439,
				-18.481,
				1.494,
				-18.433,
				1.55,
				-18.331,
				1,
				1.617,
				-18.209,
				1.683,
				-17.515,
				1.75,
				-17.371,
				1,
				1.839,
				-17.179,
				1.928,
				-16.987,
				2.017,
				-16.962,
				1,
				2.261,
				-16.894,
				2.506,
				-16.887,
				2.75,
				-16.804,
				1,
				2.894,
				-16.755,
				3.039,
				-8.104,
				3.183,
				-3.753,
				1,
				3.25,
				-1.745,
				3.317,
				-0.74,
				3.383,
				-0.74,
				1,
				3.944,
				-0.74,
				4.506,
				-0.74,
				5.067,
				-0.74,
				1,
				5.378,
				-0.74,
				5.689,
				-0.515,
				6,
				-0.515,
				1,
				6.161,
				-0.515,
				6.322,
				-30,
				6.483,
				-30,
				1,
				6.556,
				-30,
				6.628,
				-29.6,
				6.7,
				-29.6,
				0,
				8.517,
				-29.6
			]
		},
		{
			"Target": "Parameter",
			"Id": "ParamArmL03",
			"Segments": [
				0,
				0,
				1,
				0.106,
				0,
				0.211,
				0,
				0.317,
				0,
				1,
				0.411,
				0,
				0.506,
				-1.544,
				0.6,
				-1.544,
				1,
				0.722,
				-1.544,
				0.844,
				12.512,
				0.967,
				13.132,
				1,
				1.056,
				13.583,
				1.144,
				13.432,
				1.233,
				13.432,
				1,
				1.417,
				13.432,
				1.6,
				11.983,
				1.783,
				11.983,
				1,
				2.106,
				11.983,
				2.428,
				11.983,
				2.75,
				11.983,
				1,
				2.8,
				11.983,
				2.85,
				11.797,
				2.9,
				9.742,
				1,
				3.061,
				3.119,
				3.222,
				-1.566,
				3.383,
				-1.566,
				1,
				3.483,
				-1.566,
				3.583,
				0,
				3.683,
				0,
				1,
				4.528,
				0,
				5.372,
				0,
				6.217,
				0,
				1,
				6.311,
				0,
				6.406,
				30,
				6.5,
				30,
				0,
				8.517,
				30
			]
		},
		{
			"Target": "Parameter",
			"Id": "ParamHandL",
			"Segments": [
				0,
				0,
				1,
				0.1,
				0,
				0.2,
				0,
				0.3,
				0,
				1,
				0.428,
				0,
				0.556,
				10,
				0.683,
				10,
				1,
				1.333,
				10,
				1.983,
				10,
				2.633,
				10,
				1,
				2.85,
				10,
				3.067,
				-4,
				3.283,
				-4,
				1,
				3.544,
				-4,
				3.806,
				0.902,
				4.067,
				0.902,
				1,
				4.25,
				0.902,
				4.433,
				0,
				4.617,
				0,
				1,
				4.8,
				0,
				4.983,
				0,
				5.167,
				0,
				1,
				5.306,
				0,
				5.444,
				-1.257,
				5.583,
				-1.326,
				1,
				5.672,
				-1.37,
				5.761,
				-1.34,
				5.85,
				-1.38,
				1,
				5.961,
				-1.43,
				6.072,
				-4.639,
				6.183,
				-4.639,
				1,
				6.283,
				-4.639,
				6.383,
				10,
				6.483,
				10,
				0,
				8.517,
				10
			]
		},
		{
			"Target": "Parameter",
			"Id": "ParamHandLDrawOrder",
			"Segments": [
				0,
				0,
				1,
				0.1,
				0,
				0.2,
				0,
				0.3,
				0,
				1,
				2.306,
				0,
				4.311,
				0,
				6.317,
				0,
				1,
				6.322,
				0,
				6.328,
				1,
				6.333,
				1,
				0,
				8.517,
				1
			]
		},
		{
			"Target": "Parameter",
			"Id": "ParamArmR01",
			"Segments": [
				0,
				0,
				1,
				0.089,
				0,
				0.178,
				0.391,
				0.267,
				0.391,
				1,
				0.428,
				0.391,
				0.589,
				-2.558,
				0.75,
				-2.701,
				1,
				0.939,
				-2.87,
				1.128,
				-2.869,
				1.317,
				-2.983,
				1,
				1.361,
				-3.009,
				1.406,
				-3.351,
				1.45,
				-3.351,
				1,
				1.522,
				-3.351,
				1.594,
				1.572,
				1.667,
				3.791,
				1,
				1.744,
				6.18,
				1.822,
				6.25,
				1.9,
				6.25,
				1,
				2.011,
				6.25,
				2.122,
				6.105,
				2.233,
				5.999,
				1,
				2.378,
				5.861,
				2.522,
				5.858,
				2.667,
				5.677,
				1,
				2.789,
				5.524,
				2.911,
				4.537,
				3.033,
				3.182,
				1,
				3.161,
				1.766,
				3.289,
				-2.32,
				3.417,
				-2.32,
				1,
				3.628,
				-2.32,
				3.839,
				-2.328,
				4.05,
				-2.122,
				1,
				4.339,
				-1.84,
				4.628,
				-1.406,
				4.917,
				-1.406,
				1,
				5.072,
				-1.406,
				5.228,
				-1.607,
				5.383,
				-1.607,
				1,
				5.589,
				-1.607,
				5.794,
				-1.551,
				6,
				-1.289,
				1,
				6.05,
				-1.225,
				6.1,
				3.952,
				6.15,
				10.234,
				1,
				6.217,
				18.61,
				6.283,
				40,
				6.35,
				40,
				0,
				8.517,
				40
			]
		},
		{
			"Target": "Parameter",
			"Id": "ParamArmR02",
			"Segments": [
				0,
				0,
				1,
				0.461,
				0,
				0.922,
				-0.072,
				1.383,
				-0.25,
				1,
				1.417,
				-0.263,
				1.45,
				-0.526,
				1.483,
				-0.84,
				1,
				1.544,
				-1.417,
				1.606,
				-2.73,
				1.667,
				-3.418,
				1,
				1.706,
				-3.856,
				1.744,
				-3.918,
				1.783,
				-3.918,
				1,
				2.144,
				-3.918,
				2.506,
				-3.918,
				2.867,
				-3.917,
				1,
				3.044,
				-3.917,
				3.222,
				-1.07,
				3.4,
				-0.84,
				1,
				3.517,
				-0.689,
				3.633,
				-0.736,
				3.75,
				-0.736,
				1,
				3.95,
				-0.736,
				4.15,
				-0.726,
				4.35,
				-0.776,
				1,
				4.589,
				-0.836,
				4.828,
				-1.134,
				5.067,
				-1.134,
				1,
				5.378,
				-1.134,
				5.689,
				-0.84,
				6,
				-0.84,
				1,
				6.106,
				-0.84,
				6.211,
				-7.442,
				6.317,
				-19.978,
				1,
				6.372,
				-26.576,
				6.428,
				-29.56,
				6.483,
				-29.56,
				0,
				8.517,
				-29.56
			]
		},
		{
			"Target": "Parameter",
			"Id": "ParamArmR03",
			"Segments": [
				0,
				0,
				1,
				0.167,
				0,
				0.333,
				0.218,
				0.5,
				0.218,
				1,
				0.644,
				0.218,
				0.789,
				-2.61,
				0.933,
				-2.61,
				1,
				1.05,
				-2.61,
				1.167,
				-2.644,
				1.283,
				-2.4,
				1,
				1.383,
				-2.191,
				1.483,
				0,
				1.583,
				0,
				1,
				1.85,
				0,
				2.117,
				0,
				2.383,
				0,
				1,
				2.539,
				0,
				2.694,
				2.88,
				2.85,
				2.88,
				1,
				3.056,
				2.88,
				3.261,
				-1.306,
				3.467,
				-1.306,
				1,
				3.744,
				-1.306,
				4.022,
				-1.308,
				4.3,
				-1.235,
				1,
				4.556,
				-1.168,
				4.811,
				-0.986,
				5.067,
				-0.986,
				1,
				5.444,
				-0.986,
				5.822,
				-0.986,
				6.2,
				-0.986,
				1,
				6.3,
				-0.986,
				6.4,
				30,
				6.5,
				30,
				1,
				6.572,
				30,
				6.644,
				30,
				6.717,
				30,
				0,
				8.517,
				30
			]
		},
		{
			"Target": "Parameter",
			"Id": "ParamHandR",
			"Segments": [
				0,
				0,
				1,
				0.128,
				0,
				0.256,
				0,
				0.383,
				0,
				1,
				0.5,
				0,
				0.617,
				-2.752,
				0.733,
				-4.716,
				1,
				0.856,
				-6.773,
				0.978,
				-7,
				1.1,
				-7,
				1,
				1.194,
				-7,
				1.289,
				-7,
				1.383,
				-7,
				1,
				1.422,
				-7,
				1.461,
				-7.912,
				1.5,
				-7.912,
				1,
				1.556,
				-7.912,
				1.611,
				-0.902,
				1.667,
				-0.902,
				1,
				1.717,
				-0.902,
				1.767,
				-2.261,
				1.817,
				-2.526,
				1,
				1.967,
				-3.32,
				2.117,
				-3.479,
				2.267,
				-3.479,
				1,
				2.606,
				-3.479,
				2.944,
				-3.509,
				3.283,
				-3.271,
				1,
				3.544,
				-3.087,
				3.806,
				0.902,
				4.067,
				0.902,
				1,
				4.25,
				0.902,
				4.433,
				0,
				4.617,
				0,
				1,
				4.8,
				0,
				4.983,
				0,
				5.167,
				0,
				1,
				5.306,
				0,
				5.444,
				-1.655,
				5.583,
				-1.78,
				1,
				5.672,
				-1.86,
				5.761,
				-1.807,
				5.85,
				-1.88,
				1,
				5.961,
				-1.971,
				6.072,
				-4.639,
				6.183,
				-4.639,
				1,
				6.283,
				-4.639,
				6.383,
				10,
				6.483,
				10,
				0,
				8.517,
				10
			]
		},
		{
			"Target": "Parameter",
			"Id": "ParamHandRDrawOrder",
			"Segments": [
				0,
				0,
				1,
				2.106,
				0,
				4.211,
				0,
				6.317,
				0,
				1,
				6.322,
				0,
				6.328,
				1,
				6.333,
				1,
				0,
				8.517,
				1
			]
		},
		{
			"Target": "Parameter",
			"Id": "ParamHairFront",
			"Segments": [
				0,
				0,
				0,
				8.517,
				0
			]
		},
		{
			"Target": "Parameter",
			"Id": "ParamHairSide",
			"Segments": [
				0,
				0,
				0,
				8.517,
				0
			]
		},
		{
			"Target": "Parameter",
			"Id": "ParamHairBack",
			"Segments": [
				0,
				0,
				0,
				8.517,
				0
			]
		},
		{
			"Target": "Parameter",
			"Id": "ParamHairFrontFuwa",
			"Segments": [
				0,
				0,
				0,
				8.517,
				0
			]
		},
		{
			"Target": "Parameter",
			"Id": "ParamHairSideFuwa",
			"Segments": [
				0,
				0,
				0,
				8.517,
				0
			]
		},
		{
			"Target": "Parameter",
			"Id": "ParamHairBackFuwa",
			"Segments": [
				0,
				0,
				0,
				8.517,
				0
			]
		},
		{
			"Target": "Parameter",
			"Id": "ParamCollarString",
			"Segments": [
				0,
				0,
				0,
				8.517,
				0
			]
		},
		{
			"Target": "Parameter",
			"Id": "ParamNecklace1",
			"Segments": [
				0,
				0,
				0,
				8.517,
				0
			]
		},
		{
			"Target": "Parameter",
			"Id": "ParamNecklace2",
			"Segments": [
				0,
				0,
				0,
				8.517,
				0
			]
		},
		{
			"Target": "Parameter",
			"Id": "ParamNecklace3",
			"Segments": [
				0,
				0,
				0,
				8.517,
				0
			]
		},
		{
			"Target": "Parameter",
			"Id": "ParamPullHandle",
			"Segments": [
				0,
				0,
				0,
				8.517,
				0
			]
		},
		{
			"Target": "Parameter",
			"Id": "ParamPocketString",
			"Segments": [
				0,
				0,
				0,
				8.517,
				0
			]
		},
		{
			"Target": "Parameter",
			"Id": "ParamJacket",
			"Segments": [
				0,
				0,
				0,
				8.517,
				0
			]
		},
		{
			"Target": "Parameter",
			"Id": "ParamCollarFuwa",
			"Segments": [
				0,
				0,
				0,
				8.517,
				0
			]
		},
		{
			"Target": "Parameter",
			"Id": "ParamCollarStringFuwa",
			"Segments": [
				0,
				0,
				0,
				8.517,
				0
			]
		},
		{
			"Target": "Parameter",
			"Id": "ParamHologram",
			"Segments": [
				0,
				0,
				0,
				8.517,
				0
			]
		},
		{
			"Target": "Parameter",
			"Id": "ParamTransparent",
			"Segments": [
				0,
				0,
				0,
				8.517,
				0
			]
		},
		{
			"Target": "Parameter",
			"Id": "ParamHologramPattern",
			"Segments": [
				0,
				0,
				0,
				8.517,
				0
			]
		},
		{
			"Target": "Parameter",
			"Id": "ParamMonochrome",
			"Segments": [
				0,
				0,
				1,
				0.561,
				0,
				1.122,
				0,
				1.683,
				0,
				1,
				1.844,
				0,
				2.006,
				1,
				2.167,
				1,
				1,
				2.733,
				1,
				3.3,
				1,
				3.867,
				1,
				1,
				4.156,
				1,
				4.444,
				0,
				4.733,
				0,
				0,
				8.517,
				0
			]
		},
		{
			"Target": "Parameter",
			"Id": "ParamNight",
			"Segments": [
				0,
				0,
				1,
				1.261,
				0,
				2.522,
				0,
				3.783,
				0,
				1,
				4.078,
				0,
				4.372,
				1,
				4.667,
				1,
				0,
				8.517,
				1
			]
		},
		{
			"Target": "Parameter",
			"Id": "ParamLight",
			"Segments": [
				0,
				0,
				1,
				1.261,
				0,
				2.522,
				0,
				3.783,
				0,
				1,
				4.267,
				0,
				4.75,
				1,
				5.233,
				1,
				1,
				5.694,
				1,
				6.156,
				0,
				6.617,
				0,
				1,
				7.017,
				0,
				7.417,
				1,
				7.817,
				1,
				1,
				8.05,
				1,
				8.283,
				0.476,
				8.517,
				0.186
			]
		},
		{
			"Target": "Parameter",
			"Id": "ParamDisplayWidth1",
			"Segments": [
				0,
				0,
				1,
				0.1,
				0,
				0.2,
				0,
				0.3,
				0,
				1,
				0.367,
				0,
				0.433,
				0.379,
				0.5,
				0.763,
				1,
				0.539,
				0.987,
				0.578,
				1,
				0.617,
				1,
				1,
				2.772,
				1,
				4.928,
				1,
				7.083,
				1,
				1,
				7.167,
				1,
				7.25,
				0.637,
				7.333,
				0.135,
				1,
				7.356,
				0.001,
				7.378,
				0,
				7.4,
				0,
				0,
				8.517,
				0
			]
		},
		{
			"Target": "Parameter",
			"Id": "ParamDisplayHeight1",
			"Segments": [
				0,
				0,
				1,
				0.172,
				0,
				0.344,
				0,
				0.517,
				0,
				1,
				0.539,
				0,
				0.561,
				0,
				0.583,
				0.035,
				1,
				0.606,
				0.08,
				0.628,
				1.042,
				0.65,
				1.042,
				1,
				0.672,
				1.042,
				0.694,
				1,
				0.717,
				1,
				1,
				2.789,
				1,
				4.861,
				1,
				6.933,
				1,
				1,
				6.95,
				1,
				6.967,
				1.011,
				6.983,
				1.011,
				1,
				7.05,
				1.011,
				7.117,
				0,
				7.183,
				0,
				0,
				8.517,
				0
			]
		},
		{
			"Target": "Parameter",
			"Id": "ParamDisplayWidth2",
			"Segments": [
				0,
				0,
				1,
				0.083,
				0,
				0.167,
				0,
				0.25,
				0,
				1,
				0.317,
				0,
				0.383,
				0.379,
				0.45,
				0.763,
				1,
				0.489,
				0.987,
				0.528,
				1,
				0.567,
				1,
				1,
				2.75,
				1,
				4.933,
				1,
				7.117,
				1,
				1,
				7.2,
				1,
				7.283,
				0.637,
				7.367,
				0.135,
				1,
				7.389,
				0.001,
				7.411,
				0,
				7.433,
				0,
				0,
				8.517,
				0
			]
		},
		{
			"Target": "Parameter",
			"Id": "ParamDisplayHeight2",
			"Segments": [
				0,
				0,
				1,
				0.156,
				0,
				0.311,
				0,
				0.467,
				0,
				1,
				0.489,
				0,
				0.511,
				0,
				0.533,
				0.035,
				1,
				0.556,
				0.08,
				0.578,
				1.042,
				0.6,
				1.042,
				1,
				0.622,
				1.042,
				0.644,
				1,
				0.667,
				1,
				1,
				2.767,
				1,
				4.867,
				1,
				6.967,
				1,
				1,
				6.983,
				1,
				7,
				1.011,
				7.017,
				1.011,
				1,
				7.083,
				1.011,
				7.15,
				0,
				7.217,
				0,
				0,
				8.517,
				0
			]
		},
		{
			"Target": "Parameter",
			"Id": "ParamDisplayAngle",
			"Segments": [
				0,
				0,
				1,
				0.133,
				0,
				0.267,
				0,
				0.4,
				0,
				1,
				0.478,
				0,
				0.556,
				1,
				0.633,
				1,
				1,
				2.917,
				1,
				5.2,
				1,
				7.483,
				1,
				1,
				7.7,
				1,
				7.917,
				0.017,
				8.133,
				0.017,
				0,
				8.517,
				0.017
			]
		},
		{
			"Target": "Parameter",
			"Id": "ParamNoise",
			"Segments": [
				0,
				0,
				1,
				0.383,
				0,
				0.767,
				0,
				1.15,
				0,
				1,
				1.178,
				0,
				1.206,
				0,
				1.233,
				0,
				1,
				1.239,
				0,
				1.244,
				0.554,
				1.25,
				0.554,
				1,
				1.256,
				0.554,
				1.261,
				0.575,
				1.267,
				0.5,
				1,
				1.278,
				0.351,
				1.289,
				0,
				1.3,
				0,
				1,
				1.317,
				0,
				1.333,
				0.9,
				1.35,
				0.9,
				1,
				1.356,
				0.9,
				1.361,
				0,
				1.367,
				0,
				1,
				1.389,
				0,
				1.411,
				0.8,
				1.433,
				0.8,
				1,
				1.439,
				0.8,
				1.444,
				0,
				1.45,
				0,
				1,
				1.456,
				0,
				1.461,
				0.616,
				1.467,
				0.7,
				1,
				1.483,
				0.951,
				1.5,
				1,
				1.517,
				1,
				1,
				1.528,
				1,
				1.539,
				0.721,
				1.55,
				0.5,
				1,
				1.556,
				0.39,
				1.561,
				0.4,
				1.567,
				0.4,
				1,
				1.583,
				0.4,
				1.6,
				0.4,
				1.617,
				0.4,
				1,
				1.622,
				0.4,
				1.628,
				1,
				1.633,
				1,
				1,
				1.639,
				1,
				1.644,
				0.5,
				1.65,
				0.5,
				1,
				1.7,
				0.5,
				1.75,
				1,
				1.8,
				1,
				1,
				1.828,
				1,
				1.856,
				0.7,
				1.883,
				0.7,
				1,
				1.9,
				0.7,
				1.917,
				1,
				1.933,
				1,
				1,
				1.939,
				1,
				1.944,
				0,
				1.95,
				0,
				1,
				1.956,
				0,
				1.961,
				0.5,
				1.967,
				0.5,
				1,
				1.972,
				0.5,
				1.978,
				0.4,
				1.983,
				0.4,
				1,
				2,
				0.4,
				2.017,
				0.4,
				2.033,
				0.4,
				1,
				2.039,
				0.4,
				2.044,
				1,
				2.05,
				1,
				1,
				2.056,
				1,
				2.061,
				0.5,
				2.067,
				0.5,
				1,
				2.122,
				0.5,
				2.178,
				1,
				2.233,
				1,
				1,
				2.356,
				1,
				2.478,
				1,
				2.6,
				1,
				1,
				2.617,
				1,
				2.633,
				0.4,
				2.65,
				0.4,
				1,
				2.656,
				0.4,
				2.661,
				1,
				2.667,
				1,
				1,
				2.672,
				1,
				2.678,
				0.5,
				2.683,
				0.5,
				1,
				2.739,
				0.5,
				2.794,
				1,
				2.85,
				1,
				1,
				3.017,
				1,
				3.183,
				1,
				3.35,
				1,
				1,
				3.367,
				1,
				3.383,
				0.87,
				3.4,
				0.87,
				1,
				3.422,
				0.87,
				3.444,
				1,
				3.467,
				1,
				1,
				3.578,
				1,
				3.689,
				1,
				3.8,
				1,
				1,
				3.817,
				1,
				3.833,
				0.4,
				3.85,
				0.4,
				1,
				3.856,
				0.4,
				3.861,
				1,
				3.867,
				1,
				1,
				3.872,
				1,
				3.878,
				0.5,
				3.883,
				0.5,
				1,
				3.939,
				0.5,
				3.994,
				1,
				4.05,
				1,
				1,
				4.2,
				1,
				4.35,
				1,
				4.5,
				1,
				1,
				4.517,
				1,
				4.533,
				0.871,
				4.55,
				0.871,
				1,
				4.556,
				0.871,
				4.561,
				1,
				4.567,
				1,
				1,
				4.572,
				1,
				4.578,
				0.5,
				4.583,
				0.5,
				1,
				4.639,
				0.5,
				4.694,
				1,
				4.75,
				1,
				1,
				4.883,
				1,
				5.017,
				1,
				5.15,
				1,
				1,
				5.161,
				1,
				5.172,
				0.7,
				5.183,
				0.7,
				1,
				5.2,
				0.7,
				5.217,
				1,
				5.233,
				1,
				1,
				5.261,
				1,
				5.289,
				1,
				5.317,
				1,
				1,
				5.333,
				1,
				5.35,
				0.825,
				5.367,
				0.825,
				1,
				5.394,
				0.825,
				5.422,
				1,
				5.45,
				1,
				1,
				5.583,
				1,
				5.717,
				1,
				5.85,
				1,
				1,
				5.867,
				1,
				5.883,
				0.635,
				5.9,
				0.635,
				1,
				5.906,
				0.635,
				5.911,
				1,
				5.917,
				1,
				1,
				5.922,
				1,
				5.928,
				0.825,
				5.933,
				0.825,
				1,
				5.967,
				0.825,
				6,
				1,
				6.033,
				1,
				1,
				6.206,
				1,
				6.378,
				1,
				6.55,
				1,
				1,
				6.561,
				1,
				6.572,
				0.849,
				6.583,
				0.849,
				1,
				6.594,
				0.849,
				6.606,
				1,
				6.617,
				1,
				1,
				6.622,
				1,
				6.628,
				0.762,
				6.633,
				0.762,
				1,
				6.661,
				0.762,
				6.689,
				1,
				6.717,
				1,
				1,
				6.8,
				1,
				6.883,
				1,
				6.967,
				1,
				1,
				6.978,
				1,
				6.989,
				0.419,
				7,
				0.419,
				1,
				7.011,
				0.419,
				7.022,
				1,
				7.033,
				1,
				1,
				7.039,
				1,
				7.044,
				0.849,
				7.05,
				0.849,
				1,
				7.078,
				0.849,
				7.106,
				1,
				7.133,
				1,
				0,
				8.517,
				1
			]
		},
		{
			"Target": "Parameter",
			"Id": "ParamNoiseRotate",
			"Segments": [
				0,
				0,
				1,
				0.033,
				0,
				0.067,
				0,
				0.1,
				0,
				0,
				1.483,
				0.99,
				0,
				1.5,
				0,
				0,
				2.883,
				0.99,
				0,
				2.9,
				0,
				0,
				4.283,
				0.99,
				0,
				4.3,
				0,
				0,
				5.683,
				0.99,
				0,
				5.7,
				0,
				0,
				7.083,
				0.99,
				0,
				7.1,
				0,
				0,
				8.483,
				0.99,
				0,
				8.5,
				0,
				0,
				8.517,
				0.012
			]
		}
	]
}