{
	"Version": 3,
	"Meta": {
		"Duration": 5.85,
		"Fps": 60.0,
		"Loop": true,
		"AreBeziersRestricted": true,
		"CurveCount": 68,
		"TotalSegmentCount": 175,
		"TotalPointCount": 593,
		"UserDataCount": 0,
		"TotalUserDataSize": 0
	},
	"Curves": [
		{
			"Target": "Parameter",
			"Id": "ParamAngleX",
			"Segments": [
				0,
				0,
				1,
				0.183,
				0,
				0.367,
				0.267,
				0.55,
				0.267,
				1,
				0.822,
				0.267,
				1.094,
				-1.077,
				1.367,
				-1.077,
				1,
				1.528,
				-1.077,
				1.689,
				0,
				1.85,
				0,
				1,
				2.183,
				0,
				2.517,
				0,
				2.85,
				0,
				1,
				3.322,
				0,
				3.794,
				2.76,
				4.267,
				2.76,
				1,
				4.428,
				2.76,
				4.589,
				2.055,
				4.75,
				1.54,
				1,
				5.117,
				0.368,
				5.483,
				0.011,
				5.85,
				0
			]
		},
		{
			"Target": "Parameter",
			"Id": "ParamAngleY",
			"Segments": [
				0,
				0,
				1,
				0.183,
				0,
				0.367,
				4.284,
				0.55,
				4.284,
				1,
				0.717,
				4.284,
				0.883,
				4.386,
				1.05,
				3.091,
				1,
				1.217,
				1.797,
				1.383,
				-2.242,
				1.55,
				-2.242,
				1,
				1.733,
				-2.242,
				1.917,
				0,
				2.1,
				0,
				1,
				2.372,
				0,
				2.644,
				0,
				2.917,
				0,
				1,
				3.094,
				0,
				3.272,
				3.56,
				3.45,
				3.56,
				1,
				3.589,
				3.56,
				3.728,
				3.671,
				3.867,
				3.091,
				1,
				4.011,
				2.488,
				4.156,
				-2.242,
				4.3,
				-2.242,
				1,
				4.511,
				-2.242,
				4.722,
				0,
				4.933,
				0,
				1,
				5.239,
				0,
				5.544,
				0,
				5.85,
				0
			]
		},
		{
			"Target": "Parameter",
			"Id": "ParamAngleZ",
			"Segments": [
				0,
				0,
				1,
				0.283,
				0,
				0.567,
				1.356,
				0.85,
				1.356,
				1,
				1.078,
				1.356,
				1.306,
				-0.928,
				1.533,
				-0.928,
				1,
				1.733,
				-0.928,
				1.933,
				-0.409,
				2.133,
				-0.375,
				1,
				2.6,
				-0.297,
				3.067,
				-0.295,
				3.533,
				-0.206,
				1,
				3.833,
				-0.148,
				4.133,
				0.716,
				4.433,
				0.716,
				1,
				4.644,
				0.716,
				4.856,
				0,
				5.067,
				0,
				1,
				5.328,
				0,
				5.589,
				0,
				5.85,
				0
			]
		},
		{
			"Target": "Parameter",
			"Id": "ParamEyeLOpen",
			"Segments": [
				0,
				1,
				1,
				0.383,
				1,
				0.767,
				1,
				1.15,
				1,
				1,
				1.172,
				1,
				1.194,
				0,
				1.217,
				0,
				1,
				1.244,
				0,
				1.272,
				0,
				1.3,
				0,
				1,
				1.322,
				0,
				1.344,
				1,
				1.367,
				1,
				1,
				2.261,
				1,
				3.156,
				1,
				4.05,
				1,
				1,
				4.072,
				1,
				4.094,
				0,
				4.117,
				0,
				1,
				4.144,
				0,
				4.172,
				0,
				4.2,
				0,
				1,
				4.222,
				0,
				4.244,
				1,
				4.267,
				1,
				1,
				4.794,
				1,
				5.322,
				1,
				5.85,
				1
			]
		},
		{
			"Target": "Parameter",
			"Id": "ParamEyeLSmile",
			"Segments": [
				0,
				0,
				1,
				1.95,
				0,
				3.9,
				0,
				5.85,
				0
			]
		},
		{
			"Target": "Parameter",
			"Id": "ParamEyeROpen",
			"Segments": [
				0,
				1,
				1,
				0.383,
				1,
				0.767,
				1,
				1.15,
				1,
				1,
				1.172,
				1,
				1.194,
				0,
				1.217,
				0,
				1,
				1.244,
				0,
				1.272,
				0,
				1.3,
				0,
				1,
				1.322,
				0,
				1.344,
				1,
				1.367,
				1,
				1,
				2.261,
				1,
				3.156,
				1,
				4.05,
				1,
				1,
				4.072,
				1,
				4.094,
				0,
				4.117,
				0,
				1,
				4.144,
				0,
				4.172,
				0,
				4.2,
				0,
				1,
				4.222,
				0,
				4.244,
				1,
				4.267,
				1,
				1,
				4.794,
				1,
				5.322,
				1,
				5.85,
				1
			]
		},
		{
			"Target": "Parameter",
			"Id": "ParamEyeRSmile",
			"Segments": [
				0,
				0,
				1,
				1.95,
				0,
				3.9,
				0,
				5.85,
				0
			]
		},
		{
			"Target": "Parameter",
			"Id": "ParamEyeBallX",
			"Segments": [
				0,
				0,
				1,
				1.95,
				0,
				3.9,
				0,
				5.85,
				0
			]
		},
		{
			"Target": "Parameter",
			"Id": "ParamEyeBallY",
			"Segments": [
				0,
				0,
				1,
				1.95,
				0,
				3.9,
				0,
				5.85,
				0
			]
		},
		{
			"Target": "Parameter",
			"Id": "ParamEyeSize",
			"Segments": [
				0,
				0,
				1,
				1.95,
				0,
				3.9,
				0,
				5.85,
				0
			]
		},
		{
			"Target": "Parameter",
			"Id": "ParamBrowLY",
			"Segments": [
				0,
				0,
				1,
				1.95,
				0,
				3.9,
				0,
				5.85,
				0
			]
		},
		{
			"Target": "Parameter",
			"Id": "ParamBrowRY",
			"Segments": [
				0,
				0,
				1,
				1.95,
				0,
				3.9,
				0,
				5.85,
				0
			]
		},
		{
			"Target": "Parameter",
			"Id": "ParamBrowLX",
			"Segments": [
				0,
				0,
				1,
				1.95,
				0,
				3.9,
				0,
				5.85,
				0
			]
		},
		{
			"Target": "Parameter",
			"Id": "ParamBrowRX",
			"Segments": [
				0,
				0,
				1,
				1.95,
				0,
				3.9,
				0,
				5.85,
				0
			]
		},
		{
			"Target": "Parameter",
			"Id": "ParamBrowLAngle",
			"Segments": [
				0,
				0,
				1,
				1.95,
				0,
				3.9,
				0,
				5.85,
				0
			]
		},
		{
			"Target": "Parameter",
			"Id": "ParamBrowRAngle",
			"Segments": [
				0,
				0,
				1,
				1.95,
				0,
				3.9,
				0,
				5.85,
				0
			]
		},
		{
			"Target": "Parameter",
			"Id": "ParamBrowLForm",
			"Segments": [
				0,
				0,
				1,
				1.95,
				0,
				3.9,
				0,
				5.85,
				0
			]
		},
		{
			"Target": "Parameter",
			"Id": "ParamBrowRForm",
			"Segments": [
				0,
				0,
				1,
				1.95,
				0,
				3.9,
				0,
				5.85,
				0
			]
		},
		{
			"Target": "Parameter",
			"Id": "ParamMouthForm",
			"Segments": [
				0,
				0,
				1,
				1.95,
				0,
				3.9,
				0,
				5.85,
				0
			]
		},
		{
			"Target": "Parameter",
			"Id": "ParamMouthOpenY",
			"Segments": [
				0,
				0,
				1,
				1.95,
				0,
				3.9,
				0,
				5.85,
				0
			]
		},
		{
			"Target": "Parameter",
			"Id": "ParamBodyAngleX",
			"Segments": [
				0,
				0,
				1,
				0.433,
				0,
				0.867,
				-0.487,
				1.3,
				-0.487,
				1,
				1.844,
				-0.487,
				2.389,
				-0.487,
				2.933,
				-0.487,
				1,
				3.361,
				-0.487,
				3.789,
				0.366,
				4.217,
				0.366,
				1,
				4.506,
				0.366,
				4.794,
				0,
				5.083,
				0,
				1,
				5.339,
				0,
				5.594,
				0,
				5.85,
				0
			]
		},
		{
			"Target": "Parameter",
			"Id": "ParamBodyAngleY",
			"Segments": [
				0,
				0,
				1,
				0.244,
				0,
				0.489,
				1.056,
				0.733,
				1.056,
				1,
				0.95,
				1.056,
				1.167,
				-0.358,
				1.383,
				-0.358,
				1,
				1.517,
				-0.358,
				1.65,
				0,
				1.783,
				0,
				1,
				2.183,
				0,
				2.583,
				0,
				2.983,
				0,
				1,
				3.2,
				0,
				3.417,
				0.449,
				3.633,
				0.449,
				1,
				3.85,
				0.449,
				4.067,
				-0.413,
				4.283,
				-0.413,
				1,
				4.417,
				-0.413,
				4.55,
				0,
				4.683,
				0,
				1,
				5.072,
				0,
				5.461,
				0,
				5.85,
				0
			]
		},
		{
			"Target": "Parameter",
			"Id": "ParamBodyAngleZ",
			"Segments": [
				0,
				0,
				1,
				0.478,
				0,
				0.956,
				-0.353,
				1.433,
				-0.353,
				1,
				1.972,
				-0.353,
				2.511,
				-0.344,
				3.05,
				-0.239,
				1,
				3.472,
				-0.156,
				3.894,
				0,
				4.317,
				0,
				1,
				4.828,
				0,
				5.339,
				0,
				5.85,
				0
			]
		},
		{
			"Target": "Parameter",
			"Id": "ParamWaistAngleZ",
			"Segments": [
				0,
				0,
				1,
				1.95,
				0,
				3.9,
				0,
				5.85,
				0
			]
		},
		{
			"Target": "Parameter",
			"Id": "ParamBodyCenter",
			"Segments": [
				0,
				0,
				1,
				0.361,
				0,
				0.722,
				4,
				1.083,
				4,
				1,
				1.678,
				4,
				2.272,
				4,
				2.867,
				4,
				1,
				3.422,
				4,
				3.978,
				0,
				4.533,
				0,
				1,
				4.972,
				0,
				5.411,
				0,
				5.85,
				0
			]
		},
		{
			"Target": "Parameter",
			"Id": "ParamBreath",
			"Segments": [
				0,
				0,
				1,
				1.95,
				0,
				3.9,
				0,
				5.85,
				0
			]
		},
		{
			"Target": "Parameter",
			"Id": "ParamLeftShoulderUp",
			"Segments": [
				0,
				0,
				1,
				0.172,
				0,
				0.344,
				0.648,
				0.517,
				0.648,
				1,
				0.833,
				0.648,
				1.15,
				-1.204,
				1.467,
				-1.204,
				1,
				1.728,
				-1.204,
				1.989,
				0,
				2.25,
				0,
				1,
				2.5,
				0,
				2.75,
				0,
				3,
				0,
				1,
				3.2,
				0,
				3.4,
				1.507,
				3.6,
				1.507,
				1,
				3.856,
				1.507,
				4.111,
				-1.204,
				4.367,
				-1.204,
				1,
				4.628,
				-1.204,
				4.889,
				0,
				5.15,
				0,
				1,
				5.383,
				0,
				5.617,
				0,
				5.85,
				0
			]
		},
		{
			"Target": "Parameter",
			"Id": "ParamRightShoulderUp",
			"Segments": [
				0,
				0,
				1,
				0.172,
				0,
				0.344,
				0.661,
				0.517,
				0.661,
				1,
				0.833,
				0.661,
				1.15,
				-1.197,
				1.467,
				-1.197,
				1,
				1.728,
				-1.197,
				1.989,
				0,
				2.25,
				0,
				1,
				2.5,
				0,
				2.75,
				0,
				3,
				0,
				1,
				3.2,
				0,
				3.4,
				1.537,
				3.6,
				1.537,
				1,
				3.856,
				1.537,
				4.111,
				-1.197,
				4.367,
				-1.197,
				1,
				4.628,
				-1.197,
				4.889,
				0,
				5.15,
				0,
				1,
				5.383,
				0,
				5.617,
				0,
				5.85,
				0
			]
		},
		{
			"Target": "Parameter",
			"Id": "ParamLegR",
			"Segments": [
				0,
				0,
				1,
				0.056,
				0,
				0.111,
				0,
				0.167,
				0,
				1,
				0.283,
				0,
				0.4,
				3.164,
				0.517,
				3.556,
				1,
				0.672,
				4.079,
				0.828,
				4.04,
				0.983,
				4.04,
				1,
				1.572,
				4.04,
				2.161,
				4.04,
				2.75,
				4.04,
				1,
				2.983,
				4.04,
				3.217,
				4.003,
				3.45,
				3.505,
				1,
				3.578,
				3.232,
				3.706,
				0.966,
				3.833,
				0.515,
				1,
				3.978,
				0.006,
				4.122,
				0,
				4.267,
				0,
				1,
				4.794,
				0,
				5.322,
				0,
				5.85,
				0
			]
		},
		{
			"Target": "Parameter",
			"Id": "ParamLegL",
			"Segments": [
				0,
				0,
				1,
				1.95,
				0,
				3.9,
				0,
				5.85,
				0
			]
		},
		{
			"Target": "Parameter",
			"Id": "ParamArmL01",
			"Segments": [
				0,
				-1.482,
				1,
				0.167,
				-1.42,
				0.333,
				-0.562,
				0.5,
				-0.562,
				1,
				0.828,
				-0.562,
				1.156,
				-1.994,
				1.483,
				-1.994,
				1,
				1.733,
				-1.994,
				1.983,
				-1.482,
				2.233,
				-1.482,
				1,
				2.494,
				-1.482,
				2.756,
				-1.482,
				3.017,
				-1.482,
				1,
				3.183,
				-1.482,
				3.35,
				-1.062,
				3.517,
				-1.062,
				1,
				3.806,
				-1.062,
				4.094,
				-1.694,
				4.383,
				-1.694,
				1,
				4.872,
				-1.694,
				5.361,
				-1.667,
				5.85,
				-1.488
			]
		},
		{
			"Target": "Parameter",
			"Id": "ParamArmL02",
			"Segments": [
				0,
				0,
				1,
				0.178,
				0.104,
				0.356,
				0.33,
				0.533,
				0.33,
				1,
				0.867,
				0.33,
				1.2,
				-0.651,
				1.533,
				-0.651,
				1,
				2.039,
				-0.651,
				2.544,
				-0.607,
				3.05,
				-0.39,
				1,
				3.217,
				-0.319,
				3.383,
				0.03,
				3.55,
				0.03,
				1,
				3.844,
				0.03,
				4.139,
				-0.351,
				4.433,
				-0.351,
				1,
				4.906,
				-0.351,
				5.378,
				-0.282,
				5.85,
				-0.01
			]
		},
		{
			"Target": "Parameter",
			"Id": "ParamArmL03",
			"Segments": [
				0,
				0,
				1,
				0.178,
				0.232,
				0.356,
				0.72,
				0.533,
				0.72,
				1,
				0.867,
				0.72,
				1.2,
				-1.584,
				1.533,
				-1.584,
				1,
				2.039,
				-1.584,
				2.544,
				-1.476,
				3.05,
				-0.9,
				1,
				3.217,
				-0.71,
				3.383,
				0.52,
				3.55,
				0.52,
				1,
				3.844,
				0.52,
				4.139,
				-0.784,
				4.433,
				-0.784,
				1,
				4.906,
				-0.784,
				5.378,
				-0.627,
				5.85,
				-0.022
			]
		},
		{
			"Target": "Parameter",
			"Id": "ParamHandL",
			"Segments": [
				0,
				0,
				1,
				1.95,
				0,
				3.9,
				0,
				5.85,
				0
			]
		},
		{
			"Target": "Parameter",
			"Id": "ParamHandLDrawOrder",
			"Segments": [
				0,
				0,
				1,
				1.95,
				0,
				3.9,
				0,
				5.85,
				0
			]
		},
		{
			"Target": "Parameter",
			"Id": "ParamArmR01",
			"Segments": [
				0,
				-1.482,
				1,
				0.167,
				-1.42,
				0.333,
				-0.562,
				0.5,
				-0.562,
				1,
				0.828,
				-0.562,
				1.156,
				-1.992,
				1.483,
				-1.992,
				1,
				1.733,
				-1.992,
				1.983,
				-1.482,
				2.233,
				-1.482,
				1,
				2.494,
				-1.482,
				2.756,
				-1.482,
				3.017,
				-1.482,
				1,
				3.183,
				-1.482,
				3.35,
				-1.062,
				3.517,
				-1.062,
				1,
				3.806,
				-1.062,
				4.094,
				-1.692,
				4.383,
				-1.692,
				1,
				4.872,
				-1.692,
				5.361,
				-1.665,
				5.85,
				-1.488
			]
		},
		{
			"Target": "Parameter",
			"Id": "ParamArmR02",
			"Segments": [
				0,
				0,
				1,
				0.178,
				0.104,
				0.356,
				0.33,
				0.533,
				0.33,
				1,
				0.867,
				0.33,
				1.2,
				-0.65,
				1.533,
				-0.65,
				1,
				2.039,
				-0.65,
				2.544,
				-0.606,
				3.05,
				-0.39,
				1,
				3.217,
				-0.319,
				3.383,
				0.03,
				3.55,
				0.03,
				1,
				3.844,
				0.03,
				4.139,
				-0.35,
				4.433,
				-0.35,
				1,
				4.906,
				-0.35,
				5.378,
				-0.281,
				5.85,
				-0.01
			]
		},
		{
			"Target": "Parameter",
			"Id": "ParamArmR03",
			"Segments": [
				0,
				0,
				1,
				0.178,
				0.231,
				0.356,
				0.72,
				0.533,
				0.72,
				1,
				0.867,
				0.72,
				1.2,
				-1.58,
				1.533,
				-1.58,
				1,
				2.039,
				-1.58,
				2.544,
				-1.473,
				3.05,
				-0.9,
				1,
				3.217,
				-0.711,
				3.383,
				0.52,
				3.55,
				0.52,
				1,
				3.844,
				0.52,
				4.139,
				-0.78,
				4.433,
				-0.78,
				1,
				4.906,
				-0.78,
				5.378,
				-0.624,
				5.85,
				-0.021
			]
		},
		{
			"Target": "Parameter",
			"Id": "ParamHandR",
			"Segments": [
				0,
				0,
				1,
				1.95,
				0,
				3.9,
				0,
				5.85,
				0
			]
		},
		{
			"Target": "Parameter",
			"Id": "ParamHandRDrawOrder",
			"Segments": [
				0,
				0,
				1,
				1.95,
				0,
				3.9,
				0,
				5.85,
				0
			]
		},
		{
			"Target": "Parameter",
			"Id": "ParamHairFront",
			"Segments": [
				0,
				0,
				1,
				1.95,
				0,
				3.9,
				0,
				5.85,
				0
			]
		},
		{
			"Target": "Parameter",
			"Id": "ParamHairSide",
			"Segments": [
				0,
				0,
				1,
				1.95,
				0,
				3.9,
				0,
				5.85,
				0
			]
		},
		{
			"Target": "Parameter",
			"Id": "ParamHairBack",
			"Segments": [
				0,
				0,
				1,
				1.95,
				0,
				3.9,
				0,
				5.85,
				0
			]
		},
		{
			"Target": "Parameter",
			"Id": "ParamHairFrontFuwa",
			"Segments": [
				0,
				0,
				1,
				1.95,
				0,
				3.9,
				0,
				5.85,
				0
			]
		},
		{
			"Target": "Parameter",
			"Id": "ParamHairSideFuwa",
			"Segments": [
				0,
				0,
				1,
				1.95,
				0,
				3.9,
				0,
				5.85,
				0
			]
		},
		{
			"Target": "Parameter",
			"Id": "ParamHairBackFuwa",
			"Segments": [
				0,
				0,
				1,
				1.95,
				0,
				3.9,
				0,
				5.85,
				0
			]
		},
		{
			"Target": "Parameter",
			"Id": "ParamCollarString",
			"Segments": [
				0,
				0,
				1,
				1.95,
				0,
				3.9,
				0,
				5.85,
				0
			]
		},
		{
			"Target": "Parameter",
			"Id": "ParamNecklace1",
			"Segments": [
				0,
				0,
				1,
				1.95,
				0,
				3.9,
				0,
				5.85,
				0
			]
		},
		{
			"Target": "Parameter",
			"Id": "ParamNecklace2",
			"Segments": [
				0,
				0,
				1,
				1.95,
				0,
				3.9,
				0,
				5.85,
				0
			]
		},
		{
			"Target": "Parameter",
			"Id": "ParamNecklace3",
			"Segments": [
				0,
				0,
				1,
				1.95,
				0,
				3.9,
				0,
				5.85,
				0
			]
		},
		{
			"Target": "Parameter",
			"Id": "ParamPullHandle",
			"Segments": [
				0,
				0,
				1,
				1.95,
				0,
				3.9,
				0,
				5.85,
				0
			]
		},
		{
			"Target": "Parameter",
			"Id": "ParamPocketString",
			"Segments": [
				0,
				0,
				1,
				1.95,
				0,
				3.9,
				0,
				5.85,
				0
			]
		},
		{
			"Target": "Parameter",
			"Id": "ParamJacket",
			"Segments": [
				0,
				0,
				1,
				1.95,
				0,
				3.9,
				0,
				5.85,
				0
			]
		},
		{
			"Target": "Parameter",
			"Id": "ParamCollarFuwa",
			"Segments": [
				0,
				0,
				1,
				1.95,
				0,
				3.9,
				0,
				5.85,
				0
			]
		},
		{
			"Target": "Parameter",
			"Id": "ParamCollarStringFuwa",
			"Segments": [
				0,
				0,
				1,
				1.95,
				0,
				3.9,
				0,
				5.85,
				0
			]
		},
		{
			"Target": "Parameter",
			"Id": "ParamHologram",
			"Segments": [
				0,
				0,
				1,
				1.95,
				0,
				3.9,
				0,
				5.85,
				0
			]
		},
		{
			"Target": "Parameter",
			"Id": "ParamTransparent",
			"Segments": [
				0,
				0,
				1,
				1.95,
				0,
				3.9,
				0,
				5.85,
				0
			]
		},
		{
			"Target": "Parameter",
			"Id": "ParamHologramPattern",
			"Segments": [
				0,
				0,
				1,
				1.95,
				0,
				3.9,
				0,
				5.85,
				0
			]
		},
		{
			"Target": "Parameter",
			"Id": "ParamMonochrome",
			"Segments": [
				0,
				0,
				1,
				1.95,
				0,
				3.9,
				0,
				5.85,
				0
			]
		},
		{
			"Target": "Parameter",
			"Id": "ParamNight",
			"Segments": [
				0,
				0,
				1,
				1.95,
				0,
				3.9,
				0,
				5.85,
				0
			]
		},
		{
			"Target": "Parameter",
			"Id": "ParamLight",
			"Segments": [
				0,
				0,
				1,
				1.95,
				0,
				3.9,
				0,
				5.85,
				0
			]
		},
		{
			"Target": "Parameter",
			"Id": "ParamDisplayWidth1",
			"Segments": [
				0,
				0,
				1,
				1.95,
				0,
				3.9,
				0,
				5.85,
				0
			]
		},
		{
			"Target": "Parameter",
			"Id": "ParamDisplayHeight1",
			"Segments": [
				0,
				0,
				1,
				1.95,
				0,
				3.9,
				0,
				5.85,
				0
			]
		},
		{
			"Target": "Parameter",
			"Id": "ParamDisplayWidth2",
			"Segments": [
				0,
				0,
				1,
				1.95,
				0,
				3.9,
				0,
				5.85,
				0
			]
		},
		{
			"Target": "Parameter",
			"Id": "ParamDisplayHeight2",
			"Segments": [
				0,
				0,
				1,
				1.95,
				0,
				3.9,
				0,
				5.85,
				0
			]
		},
		{
			"Target": "Parameter",
			"Id": "ParamDisplayAngle",
			"Segments": [
				0,
				0,
				1,
				1.95,
				0,
				3.9,
				0,
				5.85,
				0
			]
		},
		{
			"Target": "Parameter",
			"Id": "ParamNoise",
			"Segments": [
				0,
				0,
				1,
				1.95,
				0,
				3.9,
				0,
				5.85,
				0
			]
		},
		{
			"Target": "Parameter",
			"Id": "ParamNoiseRotate",
			"Segments": [
				0,
				0,
				1,
				1.95,
				0,
				3.9,
				0,
				5.85,
				0
			]
		}
	]
}