{
	"Version": 3,
	"Meta": {
		"Duration": 7.6,
		"Fps": 60.0,
		"FadeInTime": 0.25,
		"FadeOutTime": 0.25,
		"Loop": true,
		"AreBeziersRestricted": true,
		"CurveCount": 68,
		"TotalSegmentCount": 492,
		"TotalPointCount": 1410,
		"UserDataCount": 0,
		"TotalUserDataSize": 0
	},
	"Curves": [
		{
			"Target": "Parameter",
			"Id": "ParamAngleX",
			"Segments": [
				0,
				0,
				1,
				0.078,
				0,
				0.156,
				0.202,
				0.233,
				2.44,
				1,
				0.356,
				5.957,
				0.478,
				13.037,
				0.6,
				16.469,
				1,
				0.8,
				22.085,
				1,
				23.743,
				1.2,
				23.743,
				1,
				1.306,
				23.743,
				1.411,
				20.292,
				1.517,
				20.292,
				1,
				1.633,
				20.292,
				1.75,
				22.479,
				1.867,
				22.479,
				1,
				1.95,
				22.479,
				2.033,
				19.253,
				2.117,
				19.253,
				1,
				2.167,
				19.253,
				2.217,
				19.253,
				2.267,
				19.253,
				1,
				2.394,
				19.253,
				2.522,
				17.345,
				2.65,
				17.345,
				1,
				2.861,
				17.345,
				3.072,
				17.345,
				3.283,
				17.345,
				1,
				3.456,
				17.345,
				3.628,
				17.22,
				3.8,
				14.072,
				1,
				4.067,
				9.197,
				4.333,
				-1.451,
				4.6,
				-6.572,
				1,
				4.694,
				-8.386,
				4.789,
				-8.167,
				4.883,
				-8.167,
				1,
				4.994,
				-8.167,
				5.106,
				-3.612,
				5.217,
				-1.005,
				1,
				5.35,
				2.124,
				5.483,
				2.44,
				5.617,
				2.44,
				0,
				7.6,
				2.44
			]
		},
		{
			"Target": "Parameter",
			"Id": "ParamAngleY",
			"Segments": [
				0,
				0,
				1,
				0.15,
				0,
				0.3,
				1.546,
				0.45,
				1.546,
				1,
				0.578,
				1.546,
				0.706,
				-22.5,
				0.833,
				-22.5,
				1,
				0.967,
				-22.5,
				1.1,
				-21.666,
				1.233,
				-21,
				1,
				1.417,
				-20.084,
				1.6,
				-19.84,
				1.783,
				-18.789,
				1,
				1.872,
				-18.28,
				1.961,
				-11.289,
				2.05,
				-11.289,
				1,
				2.089,
				-11.289,
				2.128,
				-11.263,
				2.167,
				-13.222,
				1,
				2.206,
				-15.181,
				2.244,
				-26.393,
				2.283,
				-28.222,
				1,
				2.322,
				-30,
				2.361,
				-30,
				2.4,
				-30,
				1,
				2.489,
				-30,
				2.578,
				-9.272,
				2.667,
				-5.258,
				1,
				2.728,
				-2.498,
				2.789,
				-1.234,
				2.85,
				-0.894,
				1,
				2.933,
				-0.43,
				3.017,
				-0.46,
				3.1,
				0,
				1,
				3.15,
				0.276,
				3.2,
				5.876,
				3.25,
				5.876,
				1,
				3.356,
				5.876,
				3.461,
				-30,
				3.567,
				-30,
				1,
				3.772,
				-30,
				3.978,
				-19.263,
				4.183,
				-19.263,
				1,
				4.356,
				-19.263,
				4.528,
				-19.338,
				4.7,
				-20,
				1,
				4.772,
				-20.278,
				4.844,
				-22.531,
				4.917,
				-22.531,
				1,
				4.956,
				-22.531,
				4.994,
				-20.826,
				5.033,
				-14.209,
				1,
				5.1,
				-2.865,
				5.167,
				5.072,
				5.233,
				5.072,
				1,
				5.267,
				5.072,
				5.3,
				5.295,
				5.333,
				3.433,
				1,
				5.389,
				0.328,
				5.444,
				-5.722,
				5.5,
				-5.722,
				1,
				5.544,
				-5.722,
				5.589,
				-5.507,
				5.633,
				-4.751,
				1,
				5.694,
				-3.71,
				5.756,
				-1.908,
				5.817,
				-1.187,
				1,
				5.928,
				0.124,
				6.039,
				0.433,
				6.15,
				0.433,
				0,
				7.6,
				0.433
			]
		},
		{
			"Target": "Parameter",
			"Id": "ParamAngleZ",
			"Segments": [
				0,
				0,
				1,
				0.133,
				0,
				0.267,
				0,
				0.4,
				0,
				1,
				0.6,
				0,
				0.8,
				2.974,
				1,
				2.974,
				1,
				1.217,
				2.974,
				1.433,
				2.448,
				1.65,
				2.448,
				1,
				1.778,
				2.448,
				1.906,
				2.448,
				2.033,
				2.448,
				1,
				2.15,
				2.448,
				2.267,
				0.899,
				2.383,
				-0.312,
				1,
				2.539,
				-1.927,
				2.694,
				-2.242,
				2.85,
				-2.242,
				1,
				2.972,
				-2.242,
				3.094,
				-2.242,
				3.217,
				-2.242,
				1,
				3.361,
				-2.242,
				3.506,
				1.317,
				3.65,
				2,
				1,
				3.789,
				2.656,
				3.928,
				2.552,
				4.067,
				2.552,
				1,
				4.294,
				2.552,
				4.522,
				2.515,
				4.75,
				0.773,
				1,
				4.9,
				-0.374,
				5.05,
				-5.422,
				5.2,
				-5.422,
				1,
				5.383,
				-5.422,
				5.567,
				-4.911,
				5.75,
				-4.911,
				1,
				5.839,
				-4.911,
				5.928,
				-5.56,
				6.017,
				-5.56,
				0,
				7.6,
				-5.56
			]
		},
		{
			"Target": "Parameter",
			"Id": "ParamEyeLOpen",
			"Segments": [
				0,
				1,
				1,
				0.15,
				1,
				0.3,
				1,
				0.45,
				1,
				1,
				0.483,
				1,
				0.517,
				0,
				0.55,
				0,
				1,
				0.561,
				0,
				0.572,
				0,
				0.583,
				0,
				1,
				0.628,
				0,
				0.672,
				0.782,
				0.717,
				0.782,
				1,
				0.95,
				0.782,
				1.183,
				0.782,
				1.417,
				0.782,
				1,
				1.672,
				0.782,
				1.928,
				0.934,
				2.183,
				0.934,
				1,
				2.211,
				0.934,
				2.239,
				0,
				2.267,
				0,
				1,
				2.3,
				0,
				2.333,
				0,
				2.367,
				0,
				1,
				2.406,
				0,
				2.444,
				1,
				2.483,
				1,
				1,
				2.756,
				1,
				3.028,
				1,
				3.3,
				1,
				1,
				3.328,
				1,
				3.356,
				0,
				3.383,
				0,
				1,
				3.389,
				0,
				3.394,
				0,
				3.4,
				0,
				1,
				3.439,
				0,
				3.478,
				1,
				3.517,
				1,
				1,
				3.933,
				1,
				4.35,
				1,
				4.767,
				1,
				1,
				4.789,
				1,
				4.811,
				0,
				4.833,
				0,
				1,
				4.867,
				0,
				4.9,
				0,
				4.933,
				0,
				1,
				4.961,
				0,
				4.989,
				1,
				5.017,
				1,
				1,
				5.128,
				1,
				5.239,
				1,
				5.35,
				1,
				1,
				5.439,
				1,
				5.528,
				0.759,
				5.617,
				0.759,
				1,
				5.65,
				0.759,
				5.683,
				0.8,
				5.717,
				0.8,
				0,
				7.6,
				0.8
			]
		},
		{
			"Target": "Parameter",
			"Id": "ParamEyeLSmile",
			"Segments": [
				0,
				0,
				1,
				1.783,
				0,
				3.567,
				0,
				5.35,
				0,
				1,
				5.439,
				0,
				5.528,
				1,
				5.617,
				1,
				0,
				7.6,
				1
			]
		},
		{
			"Target": "Parameter",
			"Id": "ParamEyeROpen",
			"Segments": [
				0,
				1,
				1,
				0.15,
				1,
				0.3,
				1,
				0.45,
				1,
				1,
				0.483,
				1,
				0.517,
				0,
				0.55,
				0,
				1,
				0.561,
				0,
				0.572,
				0,
				0.583,
				0,
				1,
				0.628,
				0,
				0.672,
				0.782,
				0.717,
				0.782,
				1,
				0.95,
				0.782,
				1.183,
				0.782,
				1.417,
				0.782,
				1,
				1.672,
				0.782,
				1.928,
				0.934,
				2.183,
				0.934,
				1,
				2.211,
				0.934,
				2.239,
				0,
				2.267,
				0,
				1,
				2.3,
				0,
				2.333,
				0,
				2.367,
				0,
				1,
				2.406,
				0,
				2.444,
				1,
				2.483,
				1,
				1,
				2.756,
				1,
				3.028,
				1,
				3.3,
				1,
				1,
				3.328,
				1,
				3.356,
				0,
				3.383,
				0,
				1,
				3.389,
				0,
				3.394,
				0,
				3.4,
				0,
				1,
				3.439,
				0,
				3.478,
				1,
				3.517,
				1,
				1,
				3.933,
				1,
				4.35,
				1,
				4.767,
				1,
				1,
				4.789,
				1,
				4.811,
				0,
				4.833,
				0,
				1,
				4.867,
				0,
				4.9,
				0,
				4.933,
				0,
				1,
				4.961,
				0,
				4.989,
				1,
				5.017,
				1,
				1,
				5.128,
				1,
				5.239,
				1,
				5.35,
				1,
				1,
				5.439,
				1,
				5.528,
				0.759,
				5.617,
				0.759,
				1,
				5.65,
				0.759,
				5.683,
				0.8,
				5.717,
				0.8,
				0,
				7.6,
				0.8
			]
		},
		{
			"Target": "Parameter",
			"Id": "ParamEyeRSmile",
			"Segments": [
				0,
				0,
				1,
				1.783,
				0,
				3.567,
				0,
				5.35,
				0,
				1,
				5.439,
				0,
				5.528,
				1,
				5.617,
				1,
				0,
				7.6,
				1
			]
		},
		{
			"Target": "Parameter",
			"Id": "ParamEyeBallX",
			"Segments": [
				0,
				0,
				1,
				0.128,
				0,
				0.256,
				0,
				0.383,
				0,
				1,
				0.572,
				0,
				0.761,
				1,
				0.95,
				1,
				1,
				1.1,
				1,
				1.25,
				-0.459,
				1.4,
				-0.459,
				1,
				1.444,
				-0.459,
				1.489,
				-0.492,
				1.533,
				-0.423,
				1,
				1.633,
				-0.268,
				1.733,
				1,
				1.833,
				1,
				1,
				1.861,
				1,
				1.889,
				1,
				1.917,
				0.943,
				1,
				2,
				0.703,
				2.083,
				-0.097,
				2.167,
				-0.206,
				1,
				2.211,
				-0.264,
				2.256,
				-0.239,
				2.3,
				-0.281,
				1,
				2.417,
				-0.39,
				2.533,
				-0.5,
				2.65,
				-0.5,
				1,
				2.917,
				-0.5,
				3.183,
				-0.5,
				3.45,
				-0.5,
				1,
				3.622,
				-0.5,
				3.794,
				-0.206,
				3.967,
				-0.206,
				1,
				4.172,
				-0.206,
				4.378,
				-0.206,
				4.583,
				-0.206,
				1,
				4.706,
				-0.206,
				4.828,
				-0.08,
				4.95,
				0,
				1,
				4.978,
				0.018,
				5.006,
				0.094,
				5.033,
				0.094,
				1,
				5.178,
				0.094,
				5.322,
				0,
				5.467,
				0,
				0,
				7.6,
				0
			]
		},
		{
			"Target": "Parameter",
			"Id": "ParamEyeBallY",
			"Segments": [
				0,
				0,
				1,
				0.128,
				0,
				0.256,
				0,
				0.383,
				0,
				1,
				0.572,
				0,
				0.761,
				-0.5,
				0.95,
				-0.5,
				1,
				1.45,
				-0.5,
				1.95,
				-0.5,
				2.45,
				-0.5,
				1,
				2.517,
				-0.5,
				2.583,
				0.1,
				2.65,
				0.1,
				1,
				2.833,
				0.1,
				3.017,
				0.1,
				3.2,
				0.1,
				1,
				3.339,
				0.1,
				3.478,
				-0.8,
				3.617,
				-0.8,
				1,
				4.033,
				-0.8,
				4.45,
				-0.78,
				4.867,
				-0.722,
				1,
				4.917,
				-0.715,
				4.967,
				0.477,
				5.017,
				0.477,
				1,
				5.089,
				0.477,
				5.161,
				0.072,
				5.233,
				0.044,
				1,
				5.35,
				-0.002,
				5.467,
				0,
				5.583,
				0,
				0,
				7.6,
				0
			]
		},
		{
			"Target": "Parameter",
			"Id": "ParamEyeSize",
			"Segments": [
				0,
				0,
				1,
				1.128,
				0,
				2.256,
				0,
				3.383,
				0,
				1,
				3.461,
				0,
				3.539,
				-0.7,
				3.617,
				-0.7,
				1,
				3.75,
				-0.7,
				3.883,
				-0.2,
				4.017,
				-0.2,
				1,
				4.261,
				-0.2,
				4.506,
				-0.2,
				4.75,
				-0.2,
				1,
				4.811,
				-0.2,
				4.872,
				0,
				4.933,
				0,
				0,
				7.6,
				0
			]
		},
		{
			"Target": "Parameter",
			"Id": "ParamBrowLY",
			"Segments": [
				0,
				0,
				1,
				0.144,
				0,
				0.289,
				0.4,
				0.433,
				0.4,
				1,
				0.522,
				0.4,
				0.611,
				0,
				0.7,
				0,
				1,
				1.444,
				0,
				2.189,
				0,
				2.933,
				0,
				1,
				3.056,
				0,
				3.178,
				0.049,
				3.3,
				0.302,
				1,
				3.372,
				0.452,
				3.444,
				0.7,
				3.517,
				0.7,
				1,
				3.922,
				0.7,
				4.328,
				0.7,
				4.733,
				0.7,
				1,
				4.8,
				0.7,
				4.867,
				0,
				4.933,
				0,
				1,
				5.072,
				0,
				5.211,
				0,
				5.35,
				0,
				1,
				5.439,
				0,
				5.528,
				-1,
				5.617,
				-1,
				0,
				7.6,
				-1
			]
		},
		{
			"Target": "Parameter",
			"Id": "ParamBrowRY",
			"Segments": [
				0,
				0,
				1,
				0.144,
				0,
				0.289,
				0.4,
				0.433,
				0.4,
				1,
				0.522,
				0.4,
				0.611,
				0,
				0.7,
				0,
				1,
				1.444,
				0,
				2.189,
				0,
				2.933,
				0,
				1,
				3.056,
				0,
				3.178,
				0.05,
				3.3,
				0.304,
				1,
				3.372,
				0.454,
				3.444,
				0.7,
				3.517,
				0.7,
				1,
				3.922,
				0.7,
				4.328,
				0.7,
				4.733,
				0.7,
				1,
				4.8,
				0.7,
				4.867,
				0,
				4.933,
				0,
				1,
				5.072,
				0,
				5.211,
				0,
				5.35,
				0,
				1,
				5.439,
				0,
				5.528,
				-1,
				5.617,
				-1,
				0,
				7.6,
				-1
			]
		},
		{
			"Target": "Parameter",
			"Id": "ParamBrowLX",
			"Segments": [
				0,
				0,
				0,
				7.6,
				0
			]
		},
		{
			"Target": "Parameter",
			"Id": "ParamBrowRX",
			"Segments": [
				0,
				0,
				0,
				7.6,
				0
			]
		},
		{
			"Target": "Parameter",
			"Id": "ParamBrowLAngle",
			"Segments": [
				0,
				0,
				1,
				1.783,
				0,
				3.567,
				0,
				5.35,
				0,
				1,
				5.439,
				0,
				5.528,
				0.33,
				5.617,
				0.33,
				0,
				7.6,
				0.33
			]
		},
		{
			"Target": "Parameter",
			"Id": "ParamBrowRAngle",
			"Segments": [
				0,
				0,
				1,
				1.783,
				0,
				3.567,
				0,
				5.35,
				0,
				1,
				5.439,
				0,
				5.528,
				0.327,
				5.617,
				0.327,
				0,
				7.6,
				0.327
			]
		},
		{
			"Target": "Parameter",
			"Id": "ParamBrowLForm",
			"Segments": [
				0,
				0,
				1,
				1.1,
				0,
				2.2,
				0,
				3.3,
				0,
				1,
				3.372,
				0,
				3.444,
				0.5,
				3.517,
				0.5,
				1,
				3.922,
				0.5,
				4.328,
				0.5,
				4.733,
				0.5,
				1,
				4.8,
				0.5,
				4.867,
				0,
				4.933,
				0,
				1,
				4.956,
				0,
				4.978,
				0,
				5,
				0,
				1,
				5.05,
				0,
				5.1,
				0.08,
				5.15,
				0.15,
				1,
				5.228,
				0.26,
				5.306,
				0.289,
				5.383,
				0.289,
				1,
				5.444,
				0.289,
				5.506,
				0.268,
				5.567,
				0.268,
				0,
				7.6,
				0.268
			]
		},
		{
			"Target": "Parameter",
			"Id": "ParamBrowRForm",
			"Segments": [
				0,
				0,
				1,
				1.1,
				0,
				2.2,
				0,
				3.3,
				0,
				1,
				3.372,
				0,
				3.444,
				0.5,
				3.517,
				0.5,
				1,
				3.922,
				0.5,
				4.328,
				0.5,
				4.733,
				0.5,
				1,
				4.8,
				0.5,
				4.867,
				0,
				4.933,
				0,
				1,
				4.956,
				0,
				4.978,
				0,
				5,
				0,
				1,
				5.05,
				0,
				5.1,
				0.08,
				5.15,
				0.15,
				1,
				5.228,
				0.26,
				5.306,
				0.289,
				5.383,
				0.289,
				1,
				5.444,
				0.289,
				5.506,
				0.268,
				5.567,
				0.268,
				0,
				7.6,
				0.268
			]
		},
		{
			"Target": "Parameter",
			"Id": "ParamMouthForm",
			"Segments": [
				0,
				0,
				1,
				0.233,
				0,
				0.467,
				-0.436,
				0.7,
				-0.436,
				1,
				0.844,
				-0.436,
				0.989,
				-0.438,
				1.133,
				-0.427,
				1,
				1.278,
				-0.417,
				1.422,
				-0.178,
				1.567,
				-0.1,
				1,
				1.722,
				-0.016,
				1.878,
				0,
				2.033,
				0,
				1,
				2.078,
				0,
				2.122,
				-0.129,
				2.167,
				-0.129,
				1,
				2.256,
				-0.129,
				2.344,
				0.649,
				2.433,
				0.912,
				1,
				2.478,
				1,
				2.522,
				1,
				2.567,
				1,
				1,
				2.739,
				1,
				2.911,
				1,
				3.083,
				1,
				1,
				3.239,
				1,
				3.394,
				0.692,
				3.55,
				-0.028,
				1,
				3.578,
				-0.157,
				3.606,
				-0.299,
				3.633,
				-0.299,
				1,
				3.717,
				-0.299,
				3.8,
				-0.1,
				3.883,
				-0.1,
				1,
				4.044,
				-0.1,
				4.206,
				-0.1,
				4.367,
				-0.1,
				1,
				4.428,
				-0.1,
				4.489,
				0,
				4.55,
				0,
				1,
				4.683,
				0,
				4.817,
				0,
				4.95,
				0,
				1,
				5.028,
				0,
				5.106,
				-0.206,
				5.183,
				-0.206,
				1,
				5.25,
				-0.206,
				5.317,
				-0.23,
				5.383,
				-0.1,
				1,
				5.461,
				0.052,
				5.539,
				0.71,
				5.617,
				0.71,
				0,
				7.6,
				0.71
			]
		},
		{
			"Target": "Parameter",
			"Id": "ParamMouthOpenY",
			"Segments": [
				0,
				0,
				1,
				0.856,
				0,
				1.711,
				0,
				2.567,
				0,
				1,
				2.939,
				0,
				3.311,
				0,
				3.683,
				0,
				1,
				3.75,
				0,
				3.817,
				0.9,
				3.883,
				0.9,
				1,
				4.044,
				0.9,
				4.206,
				0.9,
				4.367,
				0.9,
				1,
				4.428,
				0.9,
				4.489,
				0,
				4.55,
				0,
				0,
				7.6,
				0
			]
		},
		{
			"Target": "Parameter",
			"Id": "ParamBodyAngleX",
			"Segments": [
				0,
				0,
				1,
				0.067,
				0,
				0.133,
				0,
				0.2,
				0,
				1,
				0.344,
				0,
				0.489,
				4.942,
				0.633,
				6.753,
				1,
				0.75,
				8.216,
				0.867,
				8.027,
				0.983,
				8.027,
				1,
				1.178,
				8.027,
				1.372,
				7.607,
				1.567,
				7.607,
				1,
				2.244,
				7.607,
				2.922,
				7.607,
				3.6,
				7.607,
				1,
				3.767,
				7.607,
				3.933,
				7.587,
				4.1,
				6.392,
				1,
				4.256,
				5.277,
				4.411,
				0.903,
				4.567,
				-0.464,
				1,
				4.694,
				-1.587,
				4.822,
				-1.598,
				4.95,
				-1.598,
				1,
				5.011,
				-1.598,
				5.072,
				-1.469,
				5.133,
				-1.469,
				1,
				5.256,
				-1.469,
				5.378,
				-6,
				5.5,
				-6,
				0,
				7.6,
				-6
			]
		},
		{
			"Target": "Parameter",
			"Id": "ParamBodyAngleY",
			"Segments": [
				0,
				0,
				1,
				0.028,
				0,
				0.056,
				0,
				0.083,
				0,
				1,
				0.194,
				0,
				0.306,
				1.634,
				0.417,
				1.634,
				1,
				0.489,
				1.634,
				0.561,
				1.657,
				0.633,
				1.082,
				1,
				0.761,
				0.065,
				0.889,
				-1.16,
				1.017,
				-1.16,
				1,
				1.194,
				-1.16,
				1.372,
				-0.421,
				1.55,
				-0.421,
				1,
				1.644,
				-0.421,
				1.739,
				-0.421,
				1.833,
				-0.421,
				1,
				1.9,
				-0.421,
				1.967,
				-0.155,
				2.033,
				-0.155,
				1,
				2.072,
				-0.155,
				2.111,
				-0.201,
				2.15,
				-0.388,
				1,
				2.206,
				-0.655,
				2.261,
				-0.856,
				2.317,
				-0.856,
				1,
				2.389,
				-0.856,
				2.461,
				-0.141,
				2.533,
				-0.103,
				1,
				2.711,
				-0.012,
				2.889,
				-0.025,
				3.067,
				0.096,
				1,
				3.233,
				0.209,
				3.4,
				1.504,
				3.567,
				1.504,
				1,
				3.772,
				1.504,
				3.978,
				1.445,
				4.183,
				1.299,
				1,
				4.256,
				1.248,
				4.328,
				1.217,
				4.4,
				1.11,
				1,
				4.494,
				0.971,
				4.589,
				0.441,
				4.683,
				0.22,
				1,
				4.794,
				-0.04,
				4.906,
				-0.101,
				5.017,
				-0.101,
				1,
				5.056,
				-0.101,
				5.094,
				1.323,
				5.133,
				2.069,
				1,
				5.156,
				2.495,
				5.178,
				2.421,
				5.2,
				2.421,
				1,
				5.228,
				2.421,
				5.256,
				2.521,
				5.283,
				2.13,
				1,
				5.389,
				0.641,
				5.494,
				-0.933,
				5.6,
				-0.933,
				1,
				5.65,
				-0.933,
				5.7,
				-0.917,
				5.75,
				-0.799,
				1,
				5.822,
				-0.628,
				5.894,
				-0.198,
				5.967,
				-0.136,
				1,
				6.111,
				-0.013,
				6.256,
				0,
				6.4,
				0,
				0,
				7.6,
				0
			]
		},
		{
			"Target": "Parameter",
			"Id": "ParamBodyAngleZ",
			"Segments": [
				0,
				0,
				1,
				0.317,
				0,
				0.633,
				0.56,
				0.95,
				0.56,
				1,
				1.294,
				0.56,
				1.639,
				0.56,
				1.983,
				0.56,
				1,
				2.211,
				0.56,
				2.439,
				1.083,
				2.667,
				1.083,
				1,
				3.444,
				1.083,
				4.222,
				1.083,
				5,
				1.083,
				1,
				5.206,
				1.083,
				5.411,
				-0.534,
				5.617,
				-0.78,
				1,
				5.744,
				-0.933,
				5.872,
				-0.88,
				6,
				-0.88,
				0,
				7.6,
				-0.88
			]
		},
		{
			"Target": "Parameter",
			"Id": "ParamWaistAngleZ",
			"Segments": [
				0,
				0,
				0,
				7.6,
				0
			]
		},
		{
			"Target": "Parameter",
			"Id": "ParamBodyCenter",
			"Segments": [
				0,
				0,
				1,
				0.072,
				0,
				0.144,
				0.207,
				0.217,
				-0.412,
				1,
				0.394,
				-1.936,
				0.572,
				-5.129,
				0.75,
				-5.129,
				1,
				0.928,
				-5.129,
				1.106,
				-4.845,
				1.283,
				-4.845,
				1,
				1.467,
				-4.845,
				1.65,
				-4.845,
				1.833,
				-4.845,
				1,
				1.956,
				-4.845,
				2.078,
				-4.859,
				2.2,
				-5.105,
				1,
				2.317,
				-5.34,
				2.433,
				-6.17,
				2.55,
				-6.361,
				1,
				2.667,
				-6.552,
				2.783,
				-6.546,
				2.9,
				-6.546,
				1,
				3.056,
				-6.546,
				3.211,
				-6.546,
				3.367,
				-6.546,
				1,
				3.456,
				-6.546,
				3.544,
				-5.456,
				3.633,
				-5.284,
				1,
				3.744,
				-5.069,
				3.856,
				-4.922,
				3.967,
				-4.845,
				1,
				4.311,
				-4.608,
				4.656,
				-4.528,
				5,
				-4.227,
				1,
				5.172,
				-4.076,
				5.344,
				0.439,
				5.517,
				1.583,
				1,
				5.583,
				2.026,
				5.65,
				1.907,
				5.717,
				1.907,
				1,
				6.006,
				1.907,
				6.294,
				1.698,
				6.583,
				1.698,
				0,
				7.6,
				1.698
			]
		},
		{
			"Target": "Parameter",
			"Id": "ParamBreath",
			"Segments": [
				0,
				0,
				1,
				0.067,
				0,
				0.133,
				0,
				0.2,
				0,
				0,
				7.6,
				0
			]
		},
		{
			"Target": "Parameter",
			"Id": "ParamLeftShoulderUp",
			"Segments": [
				0,
				0,
				1,
				0.067,
				0,
				0.133,
				0,
				0.2,
				0,
				1,
				0.578,
				0,
				0.956,
				-3,
				1.333,
				-3,
				1,
				1.539,
				-3,
				1.744,
				-3,
				1.95,
				-3,
				1,
				2.028,
				-3,
				2.106,
				-2.062,
				2.183,
				-2.062,
				1,
				2.256,
				-2.062,
				2.328,
				-3.351,
				2.4,
				-3.351,
				1,
				2.444,
				-3.351,
				2.489,
				-3,
				2.533,
				-3,
				1,
				2.911,
				-3,
				3.289,
				-3,
				3.667,
				-3,
				1,
				3.811,
				-3,
				3.956,
				-2.865,
				4.1,
				-1.907,
				1,
				4.217,
				-1.133,
				4.333,
				0,
				4.45,
				0,
				1,
				4.578,
				0,
				4.706,
				0,
				4.833,
				0,
				1,
				4.906,
				0,
				4.978,
				-0.309,
				5.05,
				-0.309,
				1,
				5.117,
				-0.309,
				5.183,
				8.552,
				5.25,
				8.552,
				1,
				5.278,
				8.552,
				5.306,
				8.69,
				5.333,
				8.067,
				1,
				5.4,
				6.572,
				5.467,
				4.304,
				5.533,
				4.304,
				1,
				5.694,
				4.304,
				5.856,
				5.077,
				6.017,
				5.077,
				0,
				7.6,
				5.077
			]
		},
		{
			"Target": "Parameter",
			"Id": "ParamRightShoulderUp",
			"Segments": [
				0,
				0,
				1,
				0.039,
				0,
				0.078,
				-0.464,
				0.117,
				-0.464,
				1,
				0.172,
				-0.464,
				0.228,
				0.731,
				0.283,
				3.119,
				1,
				0.333,
				5.268,
				0.383,
				6.34,
				0.433,
				6.34,
				1,
				0.489,
				6.34,
				0.544,
				6.294,
				0.6,
				4.356,
				1,
				0.661,
				2.224,
				0.722,
				-1.546,
				0.783,
				-1.546,
				1,
				0.839,
				-1.546,
				0.894,
				-0.85,
				0.95,
				-0.515,
				1,
				1.028,
				-0.046,
				1.106,
				0,
				1.183,
				0,
				1,
				1.439,
				0,
				1.694,
				0,
				1.95,
				0,
				1,
				2.028,
				0,
				2.106,
				1.366,
				2.183,
				1.366,
				1,
				2.256,
				1.366,
				2.328,
				-0.314,
				2.4,
				-0.314,
				1,
				2.45,
				-0.314,
				2.5,
				0,
				2.55,
				0,
				1,
				2.8,
				0,
				3.05,
				0,
				3.3,
				0,
				1,
				3.528,
				0,
				3.756,
				-5,
				3.983,
				-5,
				1,
				4.2,
				-5,
				4.417,
				-5,
				4.633,
				-5,
				1,
				4.772,
				-5,
				4.911,
				-4.534,
				5.05,
				-2.964,
				1,
				5.144,
				-1.896,
				5.239,
				-0.881,
				5.333,
				-0.881,
				1,
				5.439,
				-0.881,
				5.544,
				-2.603,
				5.65,
				-2.603,
				1,
				5.728,
				-2.603,
				5.806,
				-1.546,
				5.883,
				-1.546,
				0,
				7.6,
				-1.546
			]
		},
		{
			"Target": "Parameter",
			"Id": "ParamLegR",
			"Segments": [
				0,
				0,
				1,
				1.667,
				0,
				3.333,
				0,
				5,
				0,
				1,
				5.111,
				0,
				5.222,
				7.912,
				5.333,
				9.046,
				1,
				5.444,
				10,
				5.556,
				10,
				5.667,
				10,
				0,
				7.6,
				10
			]
		},
		{
			"Target": "Parameter",
			"Id": "ParamLegL",
			"Segments": [
				0,
				0,
				1,
				0.078,
				0,
				0.156,
				0,
				0.233,
				0,
				1,
				0.339,
				0,
				0.444,
				8.043,
				0.55,
				9.407,
				1,
				0.617,
				10,
				0.683,
				10,
				0.75,
				10,
				1,
				1.533,
				10,
				2.317,
				10,
				3.1,
				10,
				1,
				3.194,
				10,
				3.289,
				10,
				3.383,
				9.407,
				1,
				3.533,
				8.198,
				3.683,
				1.974,
				3.833,
				0.593,
				1,
				3.917,
				-0.175,
				4,
				0,
				4.083,
				0,
				0,
				7.6,
				0
			]
		},
		{
			"Target": "Parameter",
			"Id": "ParamArmL01",
			"Segments": [
				0,
				0,
				1,
				0.2,
				0,
				0.4,
				-1.928,
				0.6,
				-1.928,
				1,
				0.867,
				-1.928,
				1.133,
				-1.156,
				1.4,
				-0.64,
				1,
				1.633,
				-0.188,
				1.867,
				-0.175,
				2.1,
				-0.175,
				1,
				2.217,
				-0.175,
				2.333,
				-0.893,
				2.45,
				-0.893,
				1,
				2.617,
				-0.893,
				2.783,
				-0.286,
				2.95,
				-0.172,
				1,
				3.156,
				-0.032,
				3.361,
				-0.05,
				3.567,
				0.087,
				1,
				3.722,
				0.191,
				3.878,
				0.855,
				4.033,
				1.461,
				1,
				4.2,
				2.111,
				4.367,
				3.241,
				4.533,
				4.256,
				1,
				4.606,
				4.697,
				4.678,
				5.09,
				4.75,
				5.09,
				1,
				4.85,
				5.09,
				4.95,
				2.964,
				5.05,
				2.964,
				1,
				5.078,
				2.964,
				5.106,
				2.488,
				5.133,
				4.343,
				1,
				5.194,
				8.423,
				5.256,
				27.49,
				5.317,
				32.744,
				1,
				5.356,
				36.088,
				5.394,
				35.889,
				5.433,
				35.889,
				1,
				5.489,
				35.889,
				5.544,
				35.026,
				5.6,
				35.026,
				0,
				7.6,
				35.026
			]
		},
		{
			"Target": "Parameter",
			"Id": "ParamArmL02",
			"Segments": [
				0,
				0,
				1,
				0.072,
				0,
				0.144,
				0,
				0.217,
				0,
				1,
				0.344,
				0,
				0.472,
				0,
				0.6,
				0,
				1,
				0.894,
				0,
				1.189,
				-0.253,
				1.483,
				-0.253,
				1,
				2.228,
				-0.253,
				2.972,
				-0.17,
				3.717,
				-0.17,
				1,
				3.989,
				-0.17,
				4.261,
				-0.432,
				4.533,
				-1.186,
				1,
				4.644,
				-1.493,
				4.756,
				-1.823,
				4.867,
				-1.823,
				1,
				4.95,
				-1.823,
				5.033,
				-1.34,
				5.117,
				-1.34,
				1,
				5.178,
				-1.34,
				5.239,
				-8.602,
				5.3,
				-17.371,
				1,
				5.356,
				-25.343,
				5.411,
				-27.448,
				5.467,
				-27.448,
				1,
				5.517,
				-27.448,
				5.567,
				-27.24,
				5.617,
				-27.24,
				0,
				7.6,
				-27.24
			]
		},
		{
			"Target": "Parameter",
			"Id": "ParamArmL03",
			"Segments": [
				0,
				0,
				1,
				0.094,
				0,
				0.189,
				0,
				0.283,
				0,
				1,
				0.433,
				0,
				0.583,
				-2.4,
				0.733,
				-2.4,
				1,
				0.989,
				-2.4,
				1.244,
				-2.4,
				1.5,
				-2.4,
				1,
				2.006,
				-2.4,
				2.511,
				-1.67,
				3.017,
				-1.67,
				1,
				3.367,
				-1.67,
				3.717,
				-1.67,
				4.067,
				-1.67,
				1,
				4.256,
				-1.67,
				4.444,
				3.289,
				4.633,
				3.289,
				1,
				4.744,
				3.289,
				4.856,
				0,
				4.967,
				0,
				1,
				5.067,
				0,
				5.167,
				-0.027,
				5.267,
				0.584,
				1,
				5.328,
				0.957,
				5.389,
				25.32,
				5.45,
				25.32,
				0,
				7.6,
				25.32
			]
		},
		{
			"Target": "Parameter",
			"Id": "ParamHandL",
			"Segments": [
				0,
				0,
				1,
				0.117,
				0,
				0.233,
				0,
				0.35,
				0,
				1,
				0.5,
				0,
				0.65,
				-6,
				0.8,
				-6,
				1,
				1.083,
				-6,
				1.367,
				-5,
				1.65,
				-5,
				1,
				1.828,
				-5,
				2.006,
				-5.747,
				2.183,
				-5.747,
				1,
				2.306,
				-5.747,
				2.428,
				-4.668,
				2.55,
				-3.789,
				1,
				2.683,
				-2.83,
				2.817,
				-2.68,
				2.95,
				-2.68,
				1,
				3.067,
				-2.68,
				3.183,
				-2.68,
				3.3,
				-2.68,
				1,
				3.472,
				-2.68,
				3.644,
				-6.153,
				3.817,
				-7.629,
				1,
				3.928,
				-8.581,
				4.039,
				-8.402,
				4.15,
				-8.402,
				1,
				4.222,
				-8.402,
				4.294,
				-6.127,
				4.367,
				-5.464,
				1,
				4.472,
				-4.495,
				4.578,
				-4.459,
				4.683,
				-4.459,
				1,
				4.856,
				-4.459,
				5.028,
				-7,
				5.2,
				-7,
				1,
				5.256,
				-7,
				5.311,
				10,
				5.367,
				10,
				0,
				7.6,
				10
			]
		},
		{
			"Target": "Parameter",
			"Id": "ParamHandLDrawOrder",
			"Segments": [
				0,
				0,
				1,
				1.75,
				0,
				3.5,
				0,
				5.25,
				0,
				1,
				5.256,
				0,
				5.261,
				1,
				5.267,
				1,
				0,
				7.6,
				1
			]
		},
		{
			"Target": "Parameter",
			"Id": "ParamArmR01",
			"Segments": [
				0,
				0,
				1,
				0.039,
				0,
				0.078,
				-0.539,
				0.117,
				1.379,
				1,
				0.228,
				6.858,
				0.339,
				24.256,
				0.45,
				30.618,
				1,
				0.483,
				32.527,
				0.517,
				33.401,
				0.55,
				33.471,
				1,
				0.578,
				33.529,
				0.606,
				33.512,
				0.633,
				33.512,
				1,
				0.672,
				33.512,
				0.711,
				33.163,
				0.75,
				33.076,
				1,
				0.822,
				32.914,
				0.894,
				32.9,
				0.967,
				32.9,
				1,
				1.294,
				32.9,
				1.622,
				32.9,
				1.95,
				32.9,
				1,
				2.028,
				32.9,
				2.106,
				32.65,
				2.183,
				32.65,
				1,
				2.256,
				32.65,
				2.328,
				32.9,
				2.4,
				32.9,
				1,
				2.75,
				32.9,
				3.1,
				32.9,
				3.45,
				32.9,
				1,
				3.5,
				32.9,
				3.55,
				33.166,
				3.6,
				30.828,
				1,
				3.672,
				27.45,
				3.744,
				12.303,
				3.817,
				8.119,
				1,
				3.933,
				1.359,
				4.05,
				0,
				4.167,
				0,
				1,
				4.283,
				0,
				4.4,
				1.16,
				4.517,
				3.415,
				1,
				4.589,
				4.811,
				4.661,
				5.477,
				4.733,
				5.477,
				1,
				4.883,
				5.477,
				5.033,
				1.483,
				5.183,
				-1.346,
				1,
				5.256,
				-2.709,
				5.328,
				-2.506,
				5.4,
				-2.506,
				1,
				5.617,
				-2.506,
				5.833,
				-1.712,
				6.05,
				-1.712,
				0,
				7.6,
				-1.712
			]
		},
		{
			"Target": "Parameter",
			"Id": "ParamArmR02",
			"Segments": [
				0,
				0,
				1,
				0.144,
				0,
				0.289,
				-4.804,
				0.433,
				-15.512,
				1,
				0.533,
				-22.925,
				0.633,
				-27.24,
				0.733,
				-27.24,
				1,
				1.139,
				-27.24,
				1.544,
				-27.24,
				1.95,
				-27.24,
				1,
				2.028,
				-27.24,
				2.106,
				-26.96,
				2.183,
				-26.96,
				1,
				2.256,
				-26.96,
				2.328,
				-27.24,
				2.4,
				-27.24,
				1,
				2.728,
				-27.24,
				3.056,
				-27.24,
				3.383,
				-27.24,
				1,
				3.539,
				-27.24,
				3.694,
				-5.411,
				3.85,
				-2.516,
				1,
				3.961,
				-0.448,
				4.072,
				-1.002,
				4.183,
				-1.002,
				1,
				4.328,
				-1.002,
				4.472,
				-2.062,
				4.617,
				-2.062,
				1,
				4.789,
				-2.062,
				4.961,
				-1.805,
				5.133,
				-1.237,
				1,
				5.35,
				-0.522,
				5.567,
				-0.135,
				5.783,
				-0.135,
				0,
				7.6,
				-0.135
			]
		},
		{
			"Target": "Parameter",
			"Id": "ParamArmR03",
			"Segments": [
				0,
				0,
				1,
				0.15,
				0,
				0.3,
				-0.008,
				0.45,
				0.584,
				1,
				0.533,
				0.913,
				0.617,
				23.976,
				0.7,
				24.825,
				1,
				0.767,
				25.504,
				0.833,
				25.32,
				0.9,
				25.32,
				1,
				1.25,
				25.32,
				1.6,
				25.32,
				1.95,
				25.32,
				1,
				2.028,
				25.32,
				2.106,
				24.825,
				2.183,
				24.825,
				1,
				2.256,
				24.825,
				2.328,
				25.32,
				2.4,
				25.32,
				1,
				2.728,
				25.32,
				3.056,
				25.32,
				3.383,
				25.32,
				1,
				3.444,
				25.32,
				3.506,
				8.042,
				3.567,
				5.07,
				1,
				3.689,
				-0.875,
				3.811,
				-1.67,
				3.933,
				-1.67,
				1,
				4.022,
				-1.67,
				4.111,
				3.298,
				4.2,
				3.298,
				0,
				7.6,
				3.298
			]
		},
		{
			"Target": "Parameter",
			"Id": "ParamHandR",
			"Segments": [
				0,
				0,
				1,
				0.111,
				0,
				0.222,
				-7,
				0.333,
				-7,
				1,
				0.433,
				-7,
				0.533,
				6.349,
				0.633,
				8.995,
				1,
				0.689,
				10,
				0.744,
				10,
				0.8,
				10,
				1,
				1.183,
				10,
				1.567,
				10,
				1.95,
				10,
				1,
				2.1,
				10,
				2.25,
				10,
				2.4,
				10,
				1,
				2.722,
				10,
				3.044,
				10,
				3.367,
				10,
				1,
				3.478,
				10,
				3.589,
				-10,
				3.7,
				-10,
				1,
				3.828,
				-10,
				3.956,
				-10,
				4.083,
				-10,
				1,
				4.244,
				-10,
				4.406,
				0.141,
				4.567,
				2.088,
				1,
				4.678,
				3.43,
				4.789,
				3.067,
				4.9,
				3.067,
				1,
				5.056,
				3.067,
				5.211,
				-1.703,
				5.367,
				-5.103,
				1,
				5.417,
				-6.196,
				5.467,
				-5.876,
				5.517,
				-5.876,
				1,
				5.622,
				-5.876,
				5.728,
				-4.682,
				5.833,
				-4.098,
				1,
				5.978,
				-3.298,
				6.122,
				-3.222,
				6.267,
				-3.222,
				0,
				7.6,
				-3.222
			]
		},
		{
			"Target": "Parameter",
			"Id": "ParamHandRDrawOrder",
			"Segments": [
				0,
				0,
				1,
				0.161,
				0,
				0.322,
				0,
				0.483,
				0,
				1,
				0.489,
				0,
				0.494,
				1,
				0.5,
				1,
				1,
				0.983,
				1,
				1.467,
				1,
				1.95,
				1,
				1,
				2.1,
				1,
				2.25,
				1,
				2.4,
				1,
				1,
				2.806,
				1,
				3.211,
				1,
				3.617,
				1,
				1,
				3.622,
				1,
				3.628,
				0,
				3.633,
				0,
				0,
				7.6,
				0
			]
		},
		{
			"Target": "Parameter",
			"Id": "ParamHairFront",
			"Segments": [
				0,
				0,
				0,
				7.6,
				0
			]
		},
		{
			"Target": "Parameter",
			"Id": "ParamHairSide",
			"Segments": [
				0,
				0,
				0,
				7.6,
				0
			]
		},
		{
			"Target": "Parameter",
			"Id": "ParamHairBack",
			"Segments": [
				0,
				0,
				0,
				7.6,
				0
			]
		},
		{
			"Target": "Parameter",
			"Id": "ParamHairFrontFuwa",
			"Segments": [
				0,
				0,
				0,
				7.6,
				0
			]
		},
		{
			"Target": "Parameter",
			"Id": "ParamHairSideFuwa",
			"Segments": [
				0,
				0,
				0,
				7.6,
				0
			]
		},
		{
			"Target": "Parameter",
			"Id": "ParamHairBackFuwa",
			"Segments": [
				0,
				0,
				0,
				7.6,
				0
			]
		},
		{
			"Target": "Parameter",
			"Id": "ParamCollarString",
			"Segments": [
				0,
				0,
				0,
				7.6,
				0
			]
		},
		{
			"Target": "Parameter",
			"Id": "ParamNecklace1",
			"Segments": [
				0,
				0,
				0,
				7.6,
				0
			]
		},
		{
			"Target": "Parameter",
			"Id": "ParamNecklace2",
			"Segments": [
				0,
				0,
				0,
				7.6,
				0
			]
		},
		{
			"Target": "Parameter",
			"Id": "ParamNecklace3",
			"Segments": [
				0,
				0,
				0,
				7.6,
				0
			]
		},
		{
			"Target": "Parameter",
			"Id": "ParamPullHandle",
			"Segments": [
				0,
				0,
				0,
				7.6,
				0
			]
		},
		{
			"Target": "Parameter",
			"Id": "ParamPocketString",
			"Segments": [
				0,
				0,
				0,
				7.6,
				0
			]
		},
		{
			"Target": "Parameter",
			"Id": "ParamJacket",
			"Segments": [
				0,
				0,
				0,
				7.6,
				0
			]
		},
		{
			"Target": "Parameter",
			"Id": "ParamCollarFuwa",
			"Segments": [
				0,
				0,
				0,
				7.6,
				0
			]
		},
		{
			"Target": "Parameter",
			"Id": "ParamCollarStringFuwa",
			"Segments": [
				0,
				0,
				0,
				7.6,
				0
			]
		},
		{
			"Target": "Parameter",
			"Id": "ParamHologram",
			"Segments": [
				0,
				0,
				1,
				0.822,
				0,
				1.644,
				0,
				2.467,
				0,
				1,
				3.094,
				0,
				3.722,
				1,
				4.35,
				1,
				0,
				7.6,
				1
			]
		},
		{
			"Target": "Parameter",
			"Id": "ParamTransparent",
			"Segments": [
				0,
				0,
				1,
				1.067,
				0,
				2.133,
				0,
				3.2,
				0,
				1,
				3.622,
				0,
				4.044,
				1,
				4.467,
				1,
				1,
				4.889,
				1,
				5.311,
				0,
				5.733,
				0,
				1,
				6.156,
				0,
				6.578,
				1,
				7,
				1,
				1,
				7.2,
				1,
				7.4,
				0.776,
				7.6,
				0.539
			]
		},
		{
			"Target": "Parameter",
			"Id": "ParamHologramPattern",
			"Segments": [
				0,
				0,
				0,
				7.6,
				0.38
			]
		},
		{
			"Target": "Parameter",
			"Id": "ParamMonochrome",
			"Segments": [
				0,
				0,
				0,
				7.6,
				0
			]
		},
		{
			"Target": "Parameter",
			"Id": "ParamNight",
			"Segments": [
				0,
				0,
				0,
				7.6,
				0
			]
		},
		{
			"Target": "Parameter",
			"Id": "ParamLight",
			"Segments": [
				0,
				0,
				0,
				7.6,
				0
			]
		},
		{
			"Target": "Parameter",
			"Id": "ParamDisplayWidth1",
			"Segments": [
				0,
				0,
				1,
				0.089,
				0,
				0.178,
				0,
				0.267,
				0,
				1,
				0.322,
				0,
				0.378,
				0.428,
				0.433,
				0.763,
				1,
				0.472,
				0.998,
				0.511,
				1,
				0.55,
				1,
				1,
				1.261,
				1,
				1.972,
				1,
				2.683,
				1,
				1,
				2.706,
				1,
				2.728,
				0.29,
				2.75,
				0.135,
				1,
				2.772,
				0,
				2.794,
				0,
				2.817,
				0,
				0,
				7.6,
				0
			]
		},
		{
			"Target": "Parameter",
			"Id": "ParamDisplayHeight1",
			"Segments": [
				0,
				0,
				1,
				0.15,
				0,
				0.3,
				0,
				0.45,
				0,
				1,
				0.472,
				0,
				0.494,
				0,
				0.517,
				0.035,
				1,
				0.539,
				0.08,
				0.561,
				1.042,
				0.583,
				1.042,
				1,
				0.606,
				1.042,
				0.628,
				1,
				0.65,
				1,
				1,
				1.278,
				1,
				1.906,
				1,
				2.533,
				1,
				1,
				2.55,
				1,
				2.567,
				1.148,
				2.583,
				1.148,
				1,
				2.622,
				1.148,
				2.661,
				0,
				2.7,
				0,
				0,
				7.6,
				0
			]
		},
		{
			"Target": "Parameter",
			"Id": "ParamDisplayWidth2",
			"Segments": [
				0,
				0,
				1,
				0.072,
				0,
				0.144,
				0,
				0.217,
				0,
				1,
				0.272,
				0,
				0.328,
				0.428,
				0.383,
				0.763,
				1,
				0.422,
				0.998,
				0.461,
				1,
				0.5,
				1,
				1,
				1.239,
				1,
				1.978,
				1,
				2.717,
				1,
				1,
				2.739,
				1,
				2.761,
				0.29,
				2.783,
				0.135,
				1,
				2.806,
				0,
				2.828,
				0,
				2.85,
				0,
				0,
				7.6,
				0
			]
		},
		{
			"Target": "Parameter",
			"Id": "ParamDisplayHeight2",
			"Segments": [
				0,
				0,
				1,
				0.133,
				0,
				0.267,
				0,
				0.4,
				0,
				1,
				0.422,
				0,
				0.444,
				0,
				0.467,
				0.035,
				1,
				0.489,
				0.08,
				0.511,
				1.042,
				0.533,
				1.042,
				1,
				0.556,
				1.042,
				0.578,
				1,
				0.6,
				1,
				1,
				1.256,
				1,
				1.911,
				1,
				2.567,
				1,
				1,
				2.583,
				1,
				2.6,
				1.148,
				2.617,
				1.148,
				1,
				2.656,
				1.148,
				2.694,
				0,
				2.733,
				0,
				0,
				7.6,
				0
			]
		},
		{
			"Target": "Parameter",
			"Id": "ParamDisplayAngle",
			"Segments": [
				0,
				0,
				1,
				0.111,
				0,
				0.222,
				0,
				0.333,
				0,
				1,
				0.411,
				0,
				0.489,
				1,
				0.567,
				1,
				1,
				1.367,
				1,
				2.167,
				1,
				2.967,
				1,
				1,
				2.978,
				1,
				2.989,
				0,
				3,
				0,
				0,
				7.6,
				0
			]
		},
		{
			"Target": "Parameter",
			"Id": "ParamNoise",
			"Segments": [
				0,
				0,
				0,
				7.6,
				0
			]
		},
		{
			"Target": "Parameter",
			"Id": "ParamNoiseRotate",
			"Segments": [
				0,
				0,
				0,
				7.6,
				0
			]
		}
	]
}